"Solution ID","Solution Title","Project Title","Puzzle/Lab Title","Synthesis Score"
17340,breicher,"Classic Eterna","Shape Library 101: The Finger",81
17366,GoodStuff-GAAA+Ubulges,"Classic Eterna","Shape Library 101: The Finger",83
17525,"synthesize me #4","Classic Eterna","Shape Library 101: The Finger",37
17532,"Putting lot of reds","Classic Eterna","Shape Library 101: The Finger",38
17644,"Pure Butter","Classic Eterna","Shape Library 101: The Finger",79
17675,"Perception 10","Classic Eterna","Shape Library 101: The Finger",92
17768,"Default title","Classic Eterna","Shape Library 101: The Finger",10
17927,beginners_luck,"Classic Eterna","Shape Library 101: The Finger",10
17932,newbie,"Classic Eterna","Shape Library 101: The Finger",52
18922,BP_Finger_KJ-57.6,"Classic Eterna","Shape Library 101: The Finger",15
18937,"Rationing Energy","Classic Eterna","Shape Library 101: The Finger",40
19499,"GC minimization","Classic Eterna","Shape Library 101: The Finger",15
19556,Bluer,"Classic Eterna","Shape Library 101: The Finger",10
19575,"Holiday Ladyfinger","Classic Eterna","Shape Library 101: The Finger",10
19687,"Pretty low energy","Classic Eterna","Shape Library 101: The Finger",63
19831,"Perception Series 2","Classic Eterna","Shape Library 101: The Finger",96
20028,"Good Design","Classic Eterna","Shape Library 101: The Finger",94
21544,"Fixing best of round 1.","Classic Eterna","Shape Library 101: The Finger",74
21671,"close to the best","Classic Eterna","Shape Library 101: The Finger",69
22106,"Modified R1-Winner","Classic Eterna","Shape Library 101: The Finger",80
22140,"Different configuration","Classic Eterna","Shape Library 101: The Finger",67
22352,BP_Finger-44.6,"Classic Eterna","Shape Library 101: The Finger",15
22397,DRV_a-Perception10,"Classic Eterna","Shape Library 101: The Finger",69
23042,d9_percep_evo_02,"Classic Eterna","Shape Library 101: The Finger",78
408190,"Vienna RNA design 01","Classic Eterna","Shape Library 101: The Finger",66
408191,"Vienna RNA design 02","Classic Eterna","Shape Library 101: The Finger",54
408192,"Vienna RNA design 03","Classic Eterna","Shape Library 101: The Finger",88
408193,"Vienna RNA design 04","Classic Eterna","Shape Library 101: The Finger",68
408194,"Vienna RNA design 05","Classic Eterna","Shape Library 101: The Finger",88
408196,"Vienna RNA design 06","Classic Eterna","Shape Library 101: The Finger",45
408197,"Vienna RNA design 07","Classic Eterna","Shape Library 101: The Finger",62
408198,"Vienna RNA design 08","Classic Eterna","Shape Library 101: The Finger",80
433987,"NUPACK design 01","Classic Eterna","Shape Library 101: The Finger",93
433990,"NUPACK design 02","Classic Eterna","Shape Library 101: The Finger",93
433991,"NUPACK design 03","Classic Eterna","Shape Library 101: The Finger",100
433992,"NUPACK design 04","Classic Eterna","Shape Library 101: The Finger",93
24155,thecross-1,"Classic Eterna","Shape Library 102 : The Cross",78
24163,SCR_CrossA,"Classic Eterna","Shape Library 102 : The Cross",83
24184,"m pattern more stable","Classic Eterna","Shape Library 102 : The Cross",77
24186,"Crossed Fingers 2","Classic Eterna","Shape Library 102 : The Cross",73
24188,"Better Design","Classic Eterna","Shape Library 102 : The Cross",71
24194,"a rather large female","Classic Eterna","Shape Library 102 : The Cross",79
24216,"Mat cross design","Classic Eterna","Shape Library 102 : The Cross",74
24232,"BMG Cross v1.0","Classic Eterna","Shape Library 102 : The Cross",63
24608,marmad,"Classic Eterna","Shape Library 102 : The Cross",62
24612,"Crossed Fingers 4","Classic Eterna","Shape Library 102 : The Cross",81
24652,d9_ChurchKey_One,"Classic Eterna","Shape Library 102 : The Cross",78
24672,"Fixing Rnd1 best.","Classic Eterna","Shape Library 102 : The Cross",77
25205,"Jeweled Jest","Classic Eterna","Shape Library 102 : The Cross",99
25257,"Mat cross design v2","Classic Eterna","Shape Library 102 : The Cross",95
25342,"BMG Cross 2.0","Classic Eterna","Shape Library 102 : The Cross",65
25503,"Extra GUs + Modified tips","Classic Eterna","Shape Library 102 : The Cross",49
433994,"NUPACK design 01","Classic Eterna","Shape Library 102 : The Cross",95
433995,"NUPACK design 02","Classic Eterna","Shape Library 102 : The Cross",NULL
433996,"NUPACK design 03","Classic Eterna","Shape Library 102 : The Cross",92
433997,"NUPACK design 04","Classic Eterna","Shape Library 102 : The Cross",97
535805,"ViennaRNA design 01","Classic Eterna","Shape Library 102 : The Cross",89
535806,"ViennaRNA design 02","Classic Eterna","Shape Library 102 : The Cross",83
535811,"ViennaRNA design 03","Classic Eterna","Shape Library 102 : The Cross",85
535816,"ViennaRNA design 04","Classic Eterna","Shape Library 102 : The Cross",92
536855,"NUPACK design 05","Classic Eterna","Shape Library 102 : The Cross",80
26626,JestersDaughter1,"Classic Eterna","Shape Library 103 : One Bulge Cross",83
26628,"bulged cross-1","Classic Eterna","Shape Library 103 : One Bulge Cross",86
26634,"Bulgy 103","Classic Eterna","Shape Library 103 : One Bulge Cross",82
26639,OccamRazor,"Classic Eterna","Shape Library 103 : One Bulge Cross",86
26654,"Mat Bulge cross (relook at 102)","Classic Eterna","Shape Library 103 : One Bulge Cross",89
26693,"Very Best of Three Designs","Classic Eterna","Shape Library 103 : One Bulge Cross",87
26711,"Grom 103, v2.","Classic Eterna","Shape Library 103 : One Bulge Cross",77
26735,"-45.5 kCal 107 M.P.","Classic Eterna","Shape Library 103 : One Bulge Cross",94
56807,"Bulge Cross First Attempt","Classic Eterna","Shape Library 103 : One Bulge Cross",78
66268,"-87.8 kCal, lowest I got","Classic Eterna","Shape Library 103 : One Bulge Cross",10
69471,"No consecutive G/C pairings (rv3)","Classic Eterna","Shape Library 103 : One Bulge Cross",82
80753,"Maelstrom's Tempest","Classic Eterna","Shape Library 103 : One Bulge Cross",88
87895,"42 - the final answer?","Classic Eterna","Shape Library 103 : One Bulge Cross",65
92299,"Lowest possible Melting point Highest possible Free energy, Final Revision","Classic Eterna","Shape Library 103 : One Bulge Cross",65
136472,"Mat Bulge Cross (V2.1  relook)","Classic Eterna","Shape Library 103 : One Bulge Cross",78
139776,Donalds94-d9Fix,"Classic Eterna","Shape Library 103 : One Bulge Cross",83
173311,"43 - even better than 42?","Classic Eterna","Shape Library 103 : One Bulge Cross",87
173441,1337,"Classic Eterna","Shape Library 103 : One Bulge Cross",86
173615,Low-Go!!!,"Classic Eterna","Shape Library 103 : One Bulge Cross",10
176686,BumpyDiggs2,"Classic Eterna","Shape Library 103 : One Bulge Cross",90
176983,VeryStable!,"Classic Eterna","Shape Library 103 : One Bulge Cross",15
178435,"Limited bond ambiguity","Classic Eterna","Shape Library 103 : One Bulge Cross",73
198723,"Simple cross","Classic Eterna","Shape Library 103 : One Bulge Cross",88
214920,"Revised Symmetry v.2","Classic Eterna","Shape Library 103 : One Bulge Cross",78
264115,"Balanced Cross","Classic Eterna","Shape Library 103 : One Bulge Cross",68
264177,"44 - a new hope","Classic Eterna","Shape Library 103 : One Bulge Cross",78
264745,"1337 - Improved","Classic Eterna","Shape Library 103 : One Bulge Cross",91
278220,"Ding's mod of donald's nearly successful Round One submission","Classic Eterna","Shape Library 103 : One Bulge Cross",94
290344,"Round 4 - One Bulge Cross","Classic Eterna","Shape Library 103 : One Bulge Cross",94
291042,"Donald's nephew 2","Classic Eterna","Shape Library 103 : One Bulge Cross",95
291417,"Mat re-design v2 of donald 94%","Classic Eterna","Shape Library 103 : One Bulge Cross",97
293863,JewelOfTheMoon,"Classic Eterna","Shape Library 103 : One Bulge Cross",97
298874,"The Middle Class","Classic Eterna","Shape Library 103 : One Bulge Cross",87
299084,"45 - the RNA folds back","Classic Eterna","Shape Library 103 : One Bulge Cross",81
299386,"Even more 1337","Classic Eterna","Shape Library 103 : One Bulge Cross",87
299713,"VER2 Attempt-4","Classic Eterna","Shape Library 103 : One Bulge Cross",92
304328,"Ding's take on Mat Bulge Cross","Classic Eterna","Shape Library 103 : One Bulge Cross",94
316945,"Berex - Mod of d9's 97%","Classic Eterna","Shape Library 103 : One Bulge Cross",95
317408,"Madde 103r5","Classic Eterna","Shape Library 103 : One Bulge Cross",88
318576,"Mat - Mod of D9 Design","Classic Eterna","Shape Library 103 : One Bulge Cross",99
433998,"NUPACK design 01","Classic Eterna","Shape Library 103 : One Bulge Cross",91
433999,"NUPACK design 02","Classic Eterna","Shape Library 103 : One Bulge Cross",94
434001,"NUPACK design 03","Classic Eterna","Shape Library 103 : One Bulge Cross",92
434002,"NUPACK design 04","Classic Eterna","Shape Library 103 : One Bulge Cross",90
535824,"ViennaRNA design 01","Classic Eterna","Shape Library 103 : One Bulge Cross",85
535827,"ViennaRNA design 02","Classic Eterna","Shape Library 103 : One Bulge Cross",80
535830,"ViennaRNA design 03","Classic Eterna","Shape Library 103 : One Bulge Cross",76
535832,"ViennaRNA design 04","Classic Eterna","Shape Library 103 : One Bulge Cross",88
321576,"Twinkle Twinkle","Classic Eterna","Shape Library 104 : The Star",76
321668,"46 - Return of the RNA","Classic Eterna","Shape Library 104 : The Star",76
321802,Twilight,"Classic Eterna","Shape Library 104 : The Star",79
322077,"Alpha Centauri","Classic Eterna","Shape Library 104 : The Star",89
322112,1337,"Classic Eterna","Shape Library 104 : The Star",84
323681,PentaPuppy2,"Classic Eterna","Shape Library 104 : The Star",89
326172,"Berex Star Two","Classic Eterna","Shape Library 104 : The Star",81
327121,"Ding's Star Improved","Classic Eterna","Shape Library 104 : The Star",95
336158,"Mat - Model Star.","Classic Eterna","Shape Library 104 : The Star",83
336197,"Berex Star 2-1","Classic Eterna","Shape Library 104 : The Star",85
336257,"the #1 star","Classic Eterna","Shape Library 104 : The Star",91
336259,Inspire,"Classic Eterna","Shape Library 104 : The Star",82
336882,"Alpha Centauri 2.0","Classic Eterna","Shape Library 104 : The Star",81
337642,"Fiskers mod of Berex Star Two ","Classic Eterna","Shape Library 104 : The Star",82
344170,"1 - Donald's star","Classic Eterna","Shape Library 104 : The Star",73
351166,PentaMutt1,"Classic Eterna","Shape Library 104 : The Star",79
355831,"Shooting Star","Classic Eterna","Shape Library 104 : The Star",95
357717,"Ding's Star Fine-tuned","Classic Eterna","Shape Library 104 : The Star",96
361087,"Buttons Ding's Star's collar","Classic Eterna","Shape Library 104 : The Star",91
361381,"Mat - Star (re-submitted)","Classic Eterna","Shape Library 104 : The Star",96
363711,"Berex Star 3.1","Classic Eterna","Shape Library 104 : The Star",97
364055,"Mod of Ding's Star","Classic Eterna","Shape Library 104 : The Star",89
365808,"Mod of Dings Star Improved","Classic Eterna","Shape Library 104 : The Star",92
369424,"Dingenstein Monster","Classic Eterna","Shape Library 104 : The Star",89
372183,"Mat - Mod of deep_thought 91% design","Classic Eterna","Shape Library 104 : The Star",95
372272,Supernova,"Classic Eterna","Shape Library 104 : The Star",92
373035,"assymetrics GC bounds in branchs","Classic Eterna","Shape Library 104 : The Star",95
374055,"Mod of Ding + Berex revived","Classic Eterna","Shape Library 104 : The Star",95
375110,"Berex Star 4-3","Classic Eterna","Shape Library 104 : The Star",96
375344,"Fortified Ding's Star","Classic Eterna","Shape Library 104 : The Star",93
376719,"Ding's Imp'o'imp","Classic Eterna","Shape Library 104 : The Star",97
377364,"Mélange De Cinq","Classic Eterna","Shape Library 104 : The Star",91
434003,"NUPACK design 01","Classic Eterna","Shape Library 104 : The Star",93
434005,"NUPACK design 02","Classic Eterna","Shape Library 104 : The Star",92
434006,"NUPACK design 03","Classic Eterna","Shape Library 104 : The Star",92
434007,"NUPACK design 04","Classic Eterna","Shape Library 104 : The Star",92
535842,"ViennaRNA design 01","Classic Eterna","Shape Library 104 : The Star",65
535844,"ViennaRNA design 02","Classic Eterna","Shape Library 104 : The Star",77
535845,"ViennaRNA design 03","Classic Eterna","Shape Library 104 : The Star",69
535846,"ViennaRNA design 04","Classic Eterna","Shape Library 104 : The Star",72
382305,Stargazer,"Classic Eterna","Shape Library 201 : Bulged Star",94
382472,"Battle of the Bulges","Classic Eterna","Shape Library 201 : Bulged Star",92
382939,Frodo,"Classic Eterna","Shape Library 201 : Bulged Star",88
383173,"Hukrepus_CG-Flanked-Bulges Clear Loops","Classic Eterna","Shape Library 201 : Bulged Star",93
383441,"Berex Bulged Star 5-2","Classic Eterna","Shape Library 201 : Bulged Star",90
384188,"Ding's Bulged Star 1","Classic Eterna","Shape Library 201 : Bulged Star",89
384415,"Starry's Bulged Star","Classic Eterna","Shape Library 201 : Bulged Star",90
388753,"Psycho Pinwheel","Classic Eterna","Shape Library 201 : Bulged Star",90
391217,"Final Frontier","Classic Eterna","Shape Library 201 : Bulged Star",90
391298,"Ding's Round 2 Bulged Star","Classic Eterna","Shape Library 201 : Bulged Star",98
391361,"Mat - Bulged star v1.1 (re-submitted)","Classic Eterna","Shape Library 201 : Bulged Star",94
391952,"Starlight - round 2","Classic Eterna","Shape Library 201 : Bulged Star",84
392160,"neck exercises","Classic Eterna","Shape Library 201 : Bulged Star",91
392981,"Berex Bulged Star 2-1","Classic Eterna","Shape Library 201 : Bulged Star",91
395744,"Re-Axe of Kuh","Classic Eterna","Shape Library 201 : Bulged Star",90
395775,"The AAAAlliance","Classic Eterna","Shape Library 201 : Bulged Star",92
397968,Shuriken,"Classic Eterna","Shape Library 201 : Bulged Star",82
398015,"Ford Prefect","Classic Eterna","Shape Library 201 : Bulged Star",90
398083,"Starry's Bulged Star III","Classic Eterna","Shape Library 201 : Bulged Star",94
398348,"Fixing Ding's Round One Star","Classic Eterna","Shape Library 201 : Bulged Star",90
398939,"Berex Bulged Star 3-1","Classic Eterna","Shape Library 201 : Bulged Star",91
398949,"Default title","Classic Eterna","Shape Library 201 : Bulged Star",86
402919,"Mat - Bulged star v1(re-submitted)","Classic Eterna","Shape Library 201 : Bulged Star",90
403537,"3Axe of Kuh","Classic Eterna","Shape Library 201 : Bulged Star",88
404530,"Vienna RNA bot design 01","Classic Eterna","Shape Library 201 : Bulged Star",63
404533,"Vienna RNA bot design 02","Classic Eterna","Shape Library 201 : Bulged Star",73
404537,"Vienna RNA bot design 03","Classic Eterna","Shape Library 201 : Bulged Star",76
404539,"Vienna RNA bot design 04","Classic Eterna","Shape Library 201 : Bulged Star",70
404540,"Vienna RNA bot design 05","Classic Eterna","Shape Library 201 : Bulged Star",75
404543,"Vienna RNA bot design 06","Classic Eterna","Shape Library 201 : Bulged Star",69
404546,"Vienna RNA bot design 07","Classic Eterna","Shape Library 201 : Bulged Star",69
404547,"Vienna RNA bot design 08","Classic Eterna","Shape Library 201 : Bulged Star",68
434009,"NUPACK design 01","Classic Eterna","Shape Library 201 : Bulged Star",77
434010,"NUPACK design 02","Classic Eterna","Shape Library 201 : Bulged Star",88
434011,"NUPACK design 03","Classic Eterna","Shape Library 201 : Bulged Star",83
434012,"NUPACK design 04","Classic Eterna","Shape Library 201 : Bulged Star",89
405819,"Ding's Branches 1","Classic Eterna","Shape Library 202 : The Branches",97
405828,Branches,"Classic Eterna","Shape Library 202 : The Branches",94
405912,Squid,"Classic Eterna","Shape Library 202 : The Branches",89
405929,"Mat - Branches V1","Classic Eterna","Shape Library 202 : The Branches",95
406465,"Y oh Y","Classic Eterna","Shape Library 202 : The Branches",91
406559,"Deck the Halls","Classic Eterna","Shape Library 202 : The Branches",91
407080,JP-11-4-18,"Classic Eterna","Shape Library 202 : The Branches",88
407405,"Chaen 202-","Classic Eterna","Shape Library 202 : The Branches",92
410339,"Toad Hall","Classic Eterna","Shape Library 202 : The Branches",98
410636,"Starry's Branches II","Classic Eterna","Shape Library 202 : The Branches",95
411063,"Mat - Branches V1.1 (Submitted)","Classic Eterna","Shape Library 202 : The Branches",97
411065,"Bonsai sappling","Classic Eterna","Shape Library 202 : The Branches",NULL
411213,"Twosies - 2 Jacks and Ball","Classic Eterna","Shape Library 202 : The Branches",90
411711,"Ding's Branches 5","Classic Eterna","Shape Library 202 : The Branches",77
412373,Modulus,"Classic Eterna","Shape Library 202 : The Branches",95
412667,"balanced AU-GC pairs","Classic Eterna","Shape Library 202 : The Branches",72
415742,"Chaen's Branches 202-3.1","Classic Eterna","Shape Library 202 : The Branches",97
415984,"NUPACK bot design 1","Classic Eterna","Shape Library 202 : The Branches",79
415987,"NUPACK bot design 2","Classic Eterna","Shape Library 202 : The Branches",71
415988,"NUPACK bot design 3","Classic Eterna","Shape Library 202 : The Branches",70
415989,"NUPACK bot design 4","Classic Eterna","Shape Library 202 : The Branches",77
415990,"NUPACK bot design 5","Classic Eterna","Shape Library 202 : The Branches",77
415992,"NUPACK bot design 6","Classic Eterna","Shape Library 202 : The Branches",86
415993,"NUPACK bot design 7","Classic Eterna","Shape Library 202 : The Branches",82
415994,"NUPACK bot design 8","Classic Eterna","Shape Library 202 : The Branches",82
416373,Xylem,"Classic Eterna","Shape Library 202 : The Branches",95
416774,"Round 1 Hybrid","Classic Eterna","Shape Library 202 : The Branches",95
416966,"Vienna Bot design 1","Classic Eterna","Shape Library 202 : The Branches",76
416968,"Vienna Bot design 2","Classic Eterna","Shape Library 202 : The Branches",67
416969,"Vienna Bot design 3","Classic Eterna","Shape Library 202 : The Branches",66
416970,"Vienna Bot design 4","Classic Eterna","Shape Library 202 : The Branches",78
416972,"Vienna Bot design 5","Classic Eterna","Shape Library 202 : The Branches",81
416975,"Vienna Bot design 6","Classic Eterna","Shape Library 202 : The Branches",66
416979,"Vienna Bot design 7","Classic Eterna","Shape Library 202 : The Branches",61
416980,"Vienna Bot design 8","Classic Eterna","Shape Library 202 : The Branches",78
417129,"Berex Branches 3-1","Classic Eterna","Shape Library 202 : The Branches",98
417307,"Mat - Branches V2","Classic Eterna","Shape Library 202 : The Branches",92
417702,"Amended Y oh Y","Classic Eterna","Shape Library 202 : The Branches",98
417753,Kermit,"Classic Eterna","Shape Library 202 : The Branches",91
419044,"Ding's Branches 1 Revised","Classic Eterna","Shape Library 202 : The Branches",89
420694,"Dim Returns - Finale","Classic Eterna","Shape Library 202 : The Branches",92
420707,"Chaen's Branches 202-4.1","Classic Eterna","Shape Library 202 : The Branches",91
420738,"Starry's New Branches Again","Classic Eterna","Shape Library 202 : The Branches",89
422486,"a real attempt","Classic Eterna","Shape Library 202 : The Branches",96
422702,"Mat in 9'th dimension","Classic Eterna","Shape Library 202 : The Branches",91
422926,"Berex Branches 4-1","Classic Eterna","Shape Library 202 : The Branches",95
423171,"Mat - Branches V3 (New Neck)","Classic Eterna","Shape Library 202 : The Branches",98
423885,"Ding's Branches 6","Classic Eterna","Shape Library 202 : The Branches",97
424224,"Cyborg 1","Classic Eterna","Shape Library 202 : The Branches",100
424315,"Dimishing Returns Strngthened","Classic Eterna","Shape Library 202 : The Branches",98
424894,"Branches V1.0101","Classic Eterna","Shape Library 202 : The Branches",94
425992,"Mat with robotneck and tetraloops","Classic Eterna","Shape Library 202 : The Branches",95
427002,"Berex Branches 5-1","Classic Eterna","Shape Library 202 : The Branches",98
427623,"OPRELA Bot Design 0.1","Classic Eterna","Shape Library 202 : The Branches",92
428831,"Ding's mod of Mat's 95% version 2","Classic Eterna","Shape Library 202 : The Branches",100
429180,"Mat - Branches V2.1 ( flipped)","Classic Eterna","Shape Library 202 : The Branches",99
430378,"Modulus IV","Classic Eterna","Shape Library 202 : The Branches",97
430453,Hopscotch,"Classic Eterna","Shape Library 202 : The Branches",92
430622,"Starry's Branches VI","Classic Eterna","Shape Library 202 : The Branches",89
430828,"Diminishing Returns - 6","Classic Eterna","Shape Library 202 : The Branches",88
431765,"Terminator  81c","Classic Eterna","Shape Library 202 : The Branches",88
432377,"Berex Branches 6-1","Classic Eterna","Shape Library 202 : The Branches",98
434898,"Ding's Branches 9","Classic Eterna","Shape Library 202 : The Branches",92
435437,"Mat branches - Small mod of my 95%","Classic Eterna","Shape Library 202 : The Branches",NULL
437854,"Ding's Asymmetry 1","Classic Eterna","Shape Library 203 : The Asymmetry",98
438035,"Forked 1","Classic Eterna","Shape Library 203 : The Asymmetry",96
438063,Taipan,"Classic Eterna","Shape Library 203 : The Asymmetry",100
438091,"cold + warm","Classic Eterna","Shape Library 203 : The Asymmetry",89
438144,"Mat - Asymmetry V1","Classic Eterna","Shape Library 203 : The Asymmetry",100
438186,"Asymmetry V1.0","Classic Eterna","Shape Library 203 : The Asymmetry",98
438260,"Cyborg 2","Classic Eterna","Shape Library 203 : The Asymmetry",100
438311,"Berex Asymmetry 1-1","Classic Eterna","Shape Library 203 : The Asymmetry",93
438331,"Starry's Asymmetric Shape","Classic Eterna","Shape Library 203 : The Asymmetry",98
438543,"MC Asymmetry","Classic Eterna","Shape Library 203 : The Asymmetry",98
438700,"Mat's V1 optimized","Classic Eterna","Shape Library 203 : The Asymmetry",98
439393,"LeTracteur Deux avec asymétrie","Classic Eterna","Shape Library 203 : The Asymmetry",100
440061,"NUPACK 05 - ED 0.4% No GG","Classic Eterna","Shape Library 203 : The Asymmetry",98
440062,"NUPACK 06 - ED 0.7% No GG","Classic Eterna","Shape Library 203 : The Asymmetry",91
440064,"NUPACK 07 - ED 0.7% No GG","Classic Eterna","Shape Library 203 : The Asymmetry",96
440065,"NUPACK 08 - ED 0.6% No GG","Classic Eterna","Shape Library 203 : The Asymmetry",93
440111,"Starry's Asymmetric Shape II","Classic Eterna","Shape Library 203 : The Asymmetry",100
440113,asym-1,"Classic Eterna","Shape Library 203 : The Asymmetry",100
440328,"OPUS #7.2 - Mod","Classic Eterna","Shape Library 203 : The Asymmetry",96
440414,"Asym 3","Classic Eterna","Shape Library 203 : The Asymmetry",93
440546,"simple plain solution","Classic Eterna","Shape Library 203 : The Asymmetry",100
440770,"SYM CITY","Classic Eterna","Shape Library 203 : The Asymmetry",93
440870,"Lite GC + Stability","Classic Eterna","Shape Library 203 : The Asymmetry",82
441759,"Asymmetry V2.2","Classic Eterna","Shape Library 203 : The Asymmetry",98
442779,"Forked - Modified","Classic Eterna","Shape Library 203 : The Asymmetry",94
442824,"Mat - Asymmetry V1.2","Classic Eterna","Shape Library 203 : The Asymmetry",98
443653,"Cyborg 2.1","Classic Eterna","Shape Library 203 : The Asymmetry",100
444277,"MC Assymmetry modified","Classic Eterna","Shape Library 203 : The Asymmetry",98
444601,"ViennaRNA bot design","Classic Eterna","Shape Library 203 : The Asymmetry",75
444602,"ViennaRNA bot design 02","Classic Eterna","Shape Library 203 : The Asymmetry",91
444603,"ViennaRNA bot design 03","Classic Eterna","Shape Library 203 : The Asymmetry",82
444604,"ViennaRNA bot design 04","Classic Eterna","Shape Library 203 : The Asymmetry",74
444719,"First cut","Classic Eterna","Bends and Ends Sampler",94
444771,"Strange bird","Classic Eterna","Bends and Ends Sampler",95
444810,"Strange flower","Classic Eterna","Bends and Ends Sampler",92
444894,"Mat - Bend & Ends V1","Classic Eterna","Bends and Ends Sampler",94
444910,Prototype,"Classic Eterna","Bends and Ends Sampler",92
445030,"Starry's Sampler","Classic Eterna","Bends and Ends Sampler",94
445045,"Ding's Sampler 1","Classic Eterna","Bends and Ends Sampler",92
445089,BandE-1,"Classic Eterna","Bends and Ends Sampler",100
445187,"Chook raffle","Classic Eterna","Bends and Ends Sampler",95
445309,"Ends justify Means ","Classic Eterna","Bends and Ends Sampler",94
445411,"nail and glue","Classic Eterna","Bends and Ends Sampler",81
445585,"NUPACK design 01","Classic Eterna","Bends and Ends Sampler",NULL
445586,"NUPACK design 02","Classic Eterna","Bends and Ends Sampler",NULL
445588,"NUPACK design 03","Classic Eterna","Bends and Ends Sampler",NULL
445592,"NUPACK design 04","Classic Eterna","Bends and Ends Sampler",NULL
445598,"NUPACK design 05","Classic Eterna","Bends and Ends Sampler",87
445600,"NUPACK design 06","Classic Eterna","Bends and Ends Sampler",87
445601,"NUPACK design 07","Classic Eterna","Bends and Ends Sampler",91
445605,"NUPACK design 08","Classic Eterna","Bends and Ends Sampler",88
445680,"late at night","Classic Eterna","Bends and Ends Sampler",95
535851,"ViennaRNA design 01","Classic Eterna","Bends and Ends Sampler",83
535853,"ViennaRNA design 02","Classic Eterna","Bends and Ends Sampler",85
535854,"ViennaRNA design 03","Classic Eterna","Bends and Ends Sampler",70
535856,"ViennaRNA design 04","Classic Eterna","Bends and Ends Sampler",85
452134,"Arnold as the Running Man","Classic Eterna","A tilted picture of running man ",86
452195,"Starry's Tilt","Classic Eterna","A tilted picture of running man ",77
452231,"Mat - Running Man V1","Classic Eterna","A tilted picture of running man ",88
452345,"running man --2","Classic Eterna","A tilted picture of running man ",83
452369,"He's a running man","Classic Eterna","A tilted picture of running man ",86
452461,"High Finishing Kick Improved","Classic Eterna","A tilted picture of running man ",89
452728,"Fiskers mod of Wisdave","Classic Eterna","A tilted picture of running man ",92
453328,"Skippy hopping, jumping","Classic Eterna","A tilted picture of running man ",83
455301,"Inspired by Berex Running Man ","Classic Eterna","A tilted picture of running man ",85
455333,"NUPACK design 05 ","Classic Eterna","A tilted picture of running man ",74
455334,"NUPACK design 06 ","Classic Eterna","A tilted picture of running man ",82
455336,"NUPACK design 07","Classic Eterna","A tilted picture of running man ",70
455337,"NUPACK design 08","Classic Eterna","A tilted picture of running man ",88
455343,"NUpack one mod","Classic Eterna","A tilted picture of running man ",83
455450,hurshy2,"Classic Eterna","A tilted picture of running man ",83
455885,"EteRNA ensemble strategy design 01","Classic Eterna","A tilted picture of running man ",85
455888,"EteRNA ensemble strategy design 02","Classic Eterna","A tilted picture of running man ",86
455890,"EteRNA ensemble strategy design 03","Classic Eterna","A tilted picture of running man ",88
455891,"EteRNA ensemble strategy design 04","Classic Eterna","A tilted picture of running man ",86
456235,"back to work","Classic Eterna","A tilted picture of running man ",88
456620,HFK2.0,"Classic Eterna","A tilted picture of running man ",NULL
458376,"'I'll be back!', said Arnold.","Classic Eterna","A tilted picture of running man ",88
458384,"Mat - Running man V2 (+Eli)","Classic Eterna","A tilted picture of running man ",97
458460,"Mod of Mod","Classic Eterna","A tilted picture of running man ",94
458832,"NUPACK design 09","Classic Eterna","A tilted picture of running man ",80
458839,"NUPACK design 10","Classic Eterna","A tilted picture of running man ",83
458840,"NUPACK design 11","Classic Eterna","A tilted picture of running man ",82
458841,"NUPACK design 12","Classic Eterna","A tilted picture of running man ",88
458890,"EteRNA ensemble strategy design 05","Classic Eterna","A tilted picture of running man ",88
458891,"EteRNA ensemble strategy design 06","Classic Eterna","A tilted picture of running man ",92
458892,"EteRNA ensemble strategy design 07","Classic Eterna","A tilted picture of running man ",94
458893,"EteRNA ensemble strategy design 08","Classic Eterna","A tilted picture of running man ",88
535867,"ViennaRNA design 01","Classic Eterna","A tilted picture of running man ",64
535869,"ViennaRNA design 02","Classic Eterna","A tilted picture of running man ",73
535871,"ViennaRNA design 03","Classic Eterna","A tilted picture of running man ",83
535872,"ViennaRNA design 04","Classic Eterna","A tilted picture of running man ",77
465303,"Fiskers test","Classic Eterna","Things to Test",86
465467,"Triple T V1","Classic Eterna","Things to Test",94
465557,"Starry's Test III","Classic Eterna","Things to Test",89
465667,"A+++    'Used Eli's notes for the test!'","Classic Eterna","Things to Test",91
465724,"GU Stack Closures","Classic Eterna","Things to Test",88
465871,"Mat - Things to test","Classic Eterna","Things to Test",94
465969,WisTest,"Classic Eterna","Things to Test",92
468358,"JP-7-0-15 II","Classic Eterna","Things to Test",95
470133,"NUPACK design 01","Classic Eterna","Things to Test",80
470134,"NUPACK design 02","Classic Eterna","Things to Test",98
470135,"NUPACK design 03","Classic Eterna","Things to Test",83
470136,"NUPACK design 04","Classic Eterna","Things to Test",89
470249,"EteRNA ensemble strategy 01","Classic Eterna","Things to Test",94
470250,"EteRNA ensemble strategy 02","Classic Eterna","Things to Test",94
470251,"EteRNA ensemble strategy 03","Classic Eterna","Things to Test",89
470252,"EteRNA ensemble strategy 04","Classic Eterna","Things to Test",94
471191,"looks good","Classic Eterna","Things to Test",92
471752,A++++,"Classic Eterna","Things to Test",95
472343,"Mod of 'Looks Good' by Joshua Weitzman","Classic Eterna","Things to Test",94
475551,"An All A 2,2 Loop","Classic Eterna","Things to Test",94
475857,"Second mod of Mat - Things to test ","Classic Eterna","Things to Test",89
475897,"Mat V2 - Mod of 94%","Classic Eterna","Things to Test",94
476025,"Mod of Mat - Things to Test","Classic Eterna","Things to Test",97
476690,"EteRNA ensemble strategy round 2-001","Classic Eterna","Things to Test",94
476695,"EteRNA ensemble strategy round 2-002","Classic Eterna","Things to Test",89
476696,"EteRNA ensemble strategy round 2-003","Classic Eterna","Things to Test",94
476697,"EteRNA ensemble strategy round 2-004","Classic Eterna","Things to Test",92
476698,"EteRNA ensemble strategy round 2-100","Classic Eterna","Things to Test",89
476699,"EteRNA ensemble strategy round 2-101","Classic Eterna","Things to Test",95
476700,"EteRNA ensemble strategy round 2-102","Classic Eterna","Things to Test",92
476702,"EteRNA ensemble strategy round 2-103","Classic Eterna","Things to Test",91
535876,"ViennaRNA design 01","Classic Eterna","Things to Test",79
535879,"ViennaRNA design 02","Classic Eterna","Things to Test",76
535880,"ViennaRNA design 03","Classic Eterna","Things to Test",76
535881,"ViennaRNA design 04","Classic Eterna","Things to Test",77
479512,"WS Brourd","Classic Eterna","Water Strider",86
479892,JP-5-0-19,"Classic Eterna","Water Strider",92
480371,SWSFAL,"Classic Eterna","Water Strider",81
484282,"NUPACK design 01","Classic Eterna","Water Strider",NULL
484289,"NUPACK design 01","Classic Eterna","Water Strider",78
484290,"NUPACK design 02","Classic Eterna","Water Strider",NULL
484293,"NUPACK design 03","Classic Eterna","Water Strider",73
487131,"EteRNA ensemble strategy (sparse 5) 01","Classic Eterna","Water Strider",83
487145,"EteRNA ensemble strategy (sparse 5) 02","Classic Eterna","Water Strider",83
487146,"EteRNA ensemble strategy (sparse 5) 03","Classic Eterna","Water Strider",72
487148,"EteRNA ensemble strategy (sparse 5) 04","Classic Eterna","Water Strider",86
487434,"EteRNA ensemble strategy (L2) 01","Classic Eterna","Water Strider",86
487438,"EteRNA ensemble strategy (L2) 02","Classic Eterna","Water Strider",86
487443,"EteRNA ensemble strategy (L2) 03","Classic Eterna","Water Strider",83
487536,"EteRNA ensemble strategy (L2) 04","Classic Eterna","Water Strider",81
488712,"EteRNA ensemble strategy (sparse 5) 05","Classic Eterna","Water Strider",86
535883,"ViennaRNA design 01","Classic Eterna","Water Strider",69
535884,"ViennaRNA design 02","Classic Eterna","Water Strider",75
535885,"ViennaRNA design 03","Classic Eterna","Water Strider",72
535887,"ViennaRNA design 04","Classic Eterna","Water Strider",80
536886,"NUPACK design 04 ","Classic Eterna","Water Strider",83
536887,"NUPACK design 05","Classic Eterna","Water Strider",76
536889,"NUPACK design 06","Classic Eterna","Water Strider",83
564278,"EteRNA ensemble design 09 (conventional)","Classic Eterna","Water Strider",73
564281,"EteRNA ensemble design 10 (conventional)","Classic Eterna","Water Strider",81
564283,"EteRNA ensemble design 11 (conventional)","Classic Eterna","Water Strider",81
564284,"EteRNA ensemble design 12 (conventional)","Classic Eterna","Water Strider",78
497494,"The Long Shot","Classic Eterna",Kudzu,76
497715,"Fiskers Kudzu 2","Classic Eterna",Kudzu,95
497899,"Mat - Kudzu 2","Classic Eterna",Kudzu,85
498179,"Starry's Kudzu II","Classic Eterna",Kudzu,85
506182,"NUPACK design 01","Classic Eterna",Kudzu,79
506183,"NUPACK design 02","Classic Eterna",Kudzu,84
506184,"NUPACK design 03","Classic Eterna",Kudzu,82
506185,"NUPACK design 04","Classic Eterna",Kudzu,76
507134,"EteRNA Ensemble Strategy (Sparse 5) 01","Classic Eterna",Kudzu,77
507135,"EteRNA Ensemble Strategy (Sparse 5) 02","Classic Eterna",Kudzu,90
507136,"EteRNA Ensemble Strategy (L2) 03","Classic Eterna",Kudzu,88
507138,"EteRNA Ensemble Strategy (L2) 04","Classic Eterna",Kudzu,88
507365,"EteRNA Ensemble Strategy (Sparse 5) 05","Classic Eterna",Kudzu,81
507367,"EteRNA Ensemble Strategy (Sparse 5) 06","Classic Eterna",Kudzu,81
507474,"EteRNA Ensemble Strategy (L2) 07","Classic Eterna",Kudzu,73
507475,"EteRNA Ensemble Strategy (L2) 08","Classic Eterna",Kudzu,88
535888,"ViennaRNA design 01","Classic Eterna",Kudzu,74
535892,"ViennaRNA design 02","Classic Eterna",Kudzu,74
535893,"ViennaRNA design 03","Classic Eterna",Kudzu,79
535896,"ViennaRNA design 04","Classic Eterna",Kudzu,76
564273,"EteRNA ensemble design 09 (conventional)","Classic Eterna",Kudzu,85
564275,"EteRNA ensemble design 10 (conventional)","Classic Eterna",Kudzu,74
564276,"EteRNA ensemble design 11 (conventional)","Classic Eterna",Kudzu,85
564277,"EteRNA ensemble design 12 (conventional)","Classic Eterna",Kudzu,81
502600,"Spotless Dots","Classic Eterna","Chalk Outline",84
502729,"Santa's Murder","Classic Eterna","Chalk Outline",83
502814,"Sherlock 6","Classic Eterna","Chalk Outline",89
504163,"Cime Scene 2","Classic Eterna","Chalk Outline",98
507199,"NUPACK design 01","Classic Eterna","Chalk Outline",83
507201,"NUPACK design 02","Classic Eterna","Chalk Outline",80
507203,"NUPACK design 03","Classic Eterna","Chalk Outline",77
507208,"NUPACK design 04","Classic Eterna","Chalk Outline",81
507494,"EteRNA Ensemble Design (L2) 01","Classic Eterna","Chalk Outline",87
507495,"EteRNA Ensemble Design (L2) 02","Classic Eterna","Chalk Outline",80
507496,"EteRNA Ensemble Design (L2) 03","Classic Eterna","Chalk Outline",78
507497,"EteRNA Ensemble Design (L2) 04","Classic Eterna","Chalk Outline",74
507514,"EteRNA Ensemble Design (Sparse 5) 05","Classic Eterna","Chalk Outline",78
507515,"EteRNA Ensemble Design (Sparse 5) 06","Classic Eterna","Chalk Outline",71
507522,"EteRNA Ensemble Design (Sparse 5) 07","Classic Eterna","Chalk Outline",86
507523,"EteRNA Ensemble Design (Sparse 5) 08","Classic Eterna","Chalk Outline",75
535904,"ViennaRNA design 01","Classic Eterna","Chalk Outline",77
535911,"ViennaRNA design 02","Classic Eterna","Chalk Outline",74
535912,"ViennaRNA design 03","Classic Eterna","Chalk Outline",80
535920,"ViennaRNA design 04","Classic Eterna","Chalk Outline",81
564265,"EteRNA ensemble design 09 (conventional)","Classic Eterna","Chalk Outline",NULL
564266,"EteRNA ensemble design 10 (conventional)","Classic Eterna","Chalk Outline",86
564267,"EteRNA ensemble design 11 (conventional)","Classic Eterna","Chalk Outline",81
564268,"EteRNA ensemble design 12 (conventional)","Classic Eterna","Chalk Outline",84
507887,"Fiskers first shapetest","Classic Eterna","Shape Test",97
507963,"Feeling Kinda Wobbly...","Classic Eterna","Shape Test",92
508191,"A Test","Classic Eterna","Shape Test",95
508886,"ST 3","Classic Eterna","Shape Test",89
525211,"EteRNA Ensemble Design 01 (L2)","Classic Eterna","Shape Test",97
525218,"EteRNA Ensemble Design 02 (L2)","Classic Eterna","Shape Test",95
525225,"EteRNA Ensemble Design 03 (L2)","Classic Eterna","Shape Test",86
525228,"EteRNA Ensemble Design 04 (L2)","Classic Eterna","Shape Test",92
525232,"EteRNA Ensemble Design 05 (Sparse 5)","Classic Eterna","Shape Test",97
525235,"EteRNA Ensemble Design 06 (Sparse 5)","Classic Eterna","Shape Test",100
525238,"EteRNA Ensemble Design 07 (Sparse 5)","Classic Eterna","Shape Test",93
525240,"EteRNA Ensemble Design 08 (Sparse 5)","Classic Eterna","Shape Test",95
525349,"NUPACK design 01","Classic Eterna","Shape Test",68
525351,"NUPACK design 02","Classic Eterna","Shape Test",NULL
525355,"NUPACK design 03","Classic Eterna","Shape Test",78
525358,"NUPACK design 04","Classic Eterna","Shape Test",86
535922,"ViennaRNA design 01","Classic Eterna","Shape Test",77
535924,"ViennaRNA design 02","Classic Eterna","Shape Test",74
535925,"ViennaRNA design 03","Classic Eterna","Shape Test",77
535927,"ViennaRNA design 04","Classic Eterna","Shape Test",80
548859,"NUPACK design 05","Classic Eterna","Shape Test",92
564260,"EteRNA ensemble design 09 (conventional)","Classic Eterna","Shape Test",95
564261,"EteRNA ensemble design 10 (conventional)","Classic Eterna","Shape Test",95
564263,"EteRNA ensemble design 11 (conventional)","Classic Eterna","Shape Test",98
564264,"EteRNA ensemble design 12 (conventional)","Classic Eterna","Shape Test",86
526399,"Making it right as I go","Classic Eterna","Making it up as I go",86
527940,Reddish,"Classic Eterna","Making it up as I go",93
529171,"Beyond The World","Classic Eterna","Making it up as I go",92
530092,"Cthulhu Fhtagn","Classic Eterna","Making it up as I go",92
535784,"NUPACK design 01","Classic Eterna","Making it up as I go",75
535785,"NUPACK design 02","Classic Eterna","Making it up as I go",86
535786,"NUPACK design 03","Classic Eterna","Making it up as I go",80
535788,"NUPACK design 04","Classic Eterna","Making it up as I go",83
535929,"ViennaRNA design 01","Classic Eterna","Making it up as I go",81
535930,"ViennaRNA design 02","Classic Eterna","Making it up as I go",80
535931,"ViennaRNA design 03","Classic Eterna","Making it up as I go",77
535932,"ViennaRNA design 04","Classic Eterna","Making it up as I go",74
536293,"EteRNA ensemble design 01 (Sparse 5)","Classic Eterna","Making it up as I go",92
536296,"EteRNA ensemble design 02 (Sparse 5)","Classic Eterna","Making it up as I go",83
536301,"EteRNA ensemble design 03 (L2)","Classic Eterna","Making it up as I go",93
536302,"EteRNA ensemble design 04 (L2)","Classic Eterna","Making it up as I go",83
536303,"EteRNA ensemble design 05 (L2)","Classic Eterna","Making it up as I go",86
536304,"EteRNA ensemble design 06 (L2)","Classic Eterna","Making it up as I go",83
536321,"EteRNA ensemble design 07 (Sparse 5)","Classic Eterna","Making it up as I go",90
536322,"EteRNA ensemble design 08 (Sparse 5)","Classic Eterna","Making it up as I go",90
564253,"EteRNA ensemble design 09 (Conventional)","Classic Eterna","Making it up as I go",84
564254,"EteRNA ensemble design 10 (Conventional)","Classic Eterna","Making it up as I go",86
564255,"EteRNA ensemble design 11 (Conventional)","Classic Eterna","Making it up as I go",81
564256,"EteRNA ensemble design 12 (Conventional)","Classic Eterna","Making it up as I go",72
536013,"More Sleep","Classic Eterna","The Backwards C",95
536165,"Mat - Backwards","Classic Eterna","The Backwards C",96
536846,"Uracil in 2-1 Loop","Classic Eterna","The Backwards C",93
536877,"A Backwards C","Classic Eterna","The Backwards C",95
537051,2GU,"Classic Eterna","The Backwards C",86
537292,"Klingon Bird of Prey - L'Roppy","Classic Eterna","The Backwards C",90
537915,"Messy Dot Plot","Classic Eterna","The Backwards C",70
538136,"T-B-C #1","Classic Eterna","The Backwards C",NULL
538713,"S is for ...","Classic Eterna","The Backwards C",80
539911,"Beyond Scared Straight","Classic Eterna","The Backwards C",70
544667,Kleiderhaken,"Classic Eterna","The Backwards C",93
551124,"The Office is a great show!","Classic Eterna","The Backwards C",90
556272,"UUU / GCA Triloops (Round 2)","Classic Eterna","The Backwards C",93
556305,"Uracil in 1-2 x2","Classic Eterna","The Backwards C",90
556928,"Two U-U-U triloops","Classic Eterna","The Backwards C",91
557378,"1 U-leg, 1 A-leg","Classic Eterna","The Backwards C",91
557870,"Bonus Army","Classic Eterna","The Backwards C",85
558813,"wisdave's 2nd round","Classic Eterna","The Backwards C",85
560892,"C - BACK","Classic Eterna","The Backwards C",93
564500,"Beauty in Balance","Classic Eterna","The Backwards C",81
565815,"Very Low Entropy <0.6 T-B-C #5","Classic Eterna","The Backwards C",86
592579,"First try at lab","Classic Eterna","The Backwards C",88
597450,"TL-TBO mod by lroppy","Classic Eterna","The Backwards C",83
598759,"Improves on Quasispecies UUU/GCA Triloop","Classic Eterna","The Backwards C",93
599053,"The Backwards C round 2","Classic Eterna","The Backwards C",100
603962,"2nd attempt","Classic Eterna","The Backwards C",83
608706,sta1,"Classic Eterna","The Backwards C",88
609918,"Final Solution ","Classic Eterna","The Backwards C",96
633852,Complex,"FMN aptamers","FMN-RNA Aptamer Complex",86
633934,"Mat - Complex","FMN aptamers","FMN-RNA Aptamer Complex",93
634049,"Mod of Jeehyung's First Cut","FMN aptamers","FMN-RNA Aptamer Complex",88
634140,"Based on 1FMN","FMN aptamers","FMN-RNA Aptamer Complex",90
634287,"Fisker's aptamer","FMN aptamers","FMN-RNA Aptamer Complex",86
634289,"Key Chain","FMN aptamers","FMN-RNA Aptamer Complex",93
634363,random,"FMN aptamers","FMN-RNA Aptamer Complex",93
635021,"JP-5-0-7 (FMN-RNA)","FMN aptamers","FMN-RNA Aptamer Complex",95
635069,"Not Like The Others, Improved","FMN aptamers","FMN-RNA Aptamer Complex",86
635181,"Bent Key (improved)","FMN aptamers","FMN-RNA Aptamer Complex",93
635662,"Yep, one of these again!","FMN aptamers","FMN-RNA Aptamer Complex",76
635925,"2nd - red boost","FMN aptamers","FMN-RNA Aptamer Complex",88
636457,rattlesnake,"FMN aptamers","FMN-RNA Aptamer Complex",90
637660,LM3,"FMN aptamers","FMN-RNA Aptamer Complex",88
639985,"Madde FRApCo 1","FMN aptamers","FMN-RNA Aptamer Complex",88
641252,"What Happened To The Aptamers 2","FMN aptamers","FMN-RNA Aptamer Complex",90
669610,"Fragments of Old Winners","FMN aptamers","FMN Apatamer with single binding site ",97
669636,"FNM Apatamet 1st try","FMN aptamers","FMN Apatamer with single binding site ",91
669640,"Freywa - Cross FMN - Reshiram","FMN aptamers","FMN Apatamer with single binding site ",91
669755,"wisdave's apatamer #1","FMN aptamers","FMN Apatamer with single binding site ",91
670030,"Fiskers single aptamer 2","FMN aptamers","FMN Apatamer with single binding site ",88
670492,"Starry's Single III","FMN aptamers","FMN Apatamer with single binding site ",90
671102,"Cross mod","FMN aptamers","FMN Apatamer with single binding site ",NULL
671896,"fold vs shapes","FMN aptamers","FMN Apatamer with single binding site ",92
696069,"Freywa - Cross FMN R2 - Zekrom","FMN aptamers","FMN Apatamer with single binding site ",84
696556,"Tadpole 2.0","FMN aptamers","FMN Apatamer with single binding site ",89
698632,"ViennaRNA design 01","FMN aptamers","FMN Apatamer with single binding site ",88
698661,"ViennaRNA design 02","FMN aptamers","FMN Apatamer with single binding site ",75
698676,"ViennaRNA design 03","FMN aptamers","FMN Apatamer with single binding site ",88
698684,"ViennaRNA design 04","FMN aptamers","FMN Apatamer with single binding site ",84
701566,Kiwi,"FMN aptamers","FMN Apatamer with single binding site ",90
701896,"NUPACK design 01","FMN aptamers","FMN Apatamer with single binding site ",86
701910,"NUPACK design 02","FMN aptamers","FMN Apatamer with single binding site ",90
701917,"NUPACK design 03","FMN aptamers","FMN Apatamer with single binding site ",80
701921,"NUPACK design 04","FMN aptamers","FMN Apatamer with single binding site ",82
715311,"LROppy 93.4% FMN","FMN aptamers","FMN Apatamer with single binding site ",86
741815,"EteRNA ensemble design 01 (L2)","FMN aptamers","FMN Apatamer with single binding site ",85
741820,"EteRNA ensemble design 02 (L2)","FMN aptamers","FMN Apatamer with single binding site ",92
741821,"EteRNA ensemble design 03 (L2)","FMN aptamers","FMN Apatamer with single binding site ",85
741822,"EteRNA ensemble design 04 (L2)","FMN aptamers","FMN Apatamer with single binding site ",89
741827,"EteRNA ensemble design 05 (Sparse 5)","FMN aptamers","FMN Apatamer with single binding site ",82
741830,"EteRNA ensemble design 06 (Sparse 5)","FMN aptamers","FMN Apatamer with single binding site ",84
741833,"EteRNA ensemble design 07 (sparse 5)","FMN aptamers","FMN Apatamer with single binding site ",89
741835,"EteRNA ensemble design 08 (sparse 5)","FMN aptamers","FMN Apatamer with single binding site ",93
741886,"EteRNA ensemble design 09 (conventional)","FMN aptamers","FMN Apatamer with single binding site ",84
741891,"EteRNA ensemble design 10 (conventional)","FMN aptamers","FMN Apatamer with single binding site ",84
741895,"EteRNA ensemble design 11 (conventional)","FMN aptamers","FMN Apatamer with single binding site ",82
741900,"EteRNA ensemble design 12 (conventional)","FMN aptamers","FMN Apatamer with single binding site ",90
742304,"Brourd - FMNA 1","FMN aptamers","FMN Aptamer with Single Binding Site II",95
743923,"The Revolution of the Mobile Archer","FMN aptamers","FMN Aptamer with Single Binding Site II",91
744801,"Fragments of old Winners (3)","FMN aptamers","FMN Aptamer with Single Binding Site II",91
746082,"Smart Solution","FMN aptamers","FMN Aptamer with Single Binding Site II",87
746436,"Lump In My Throat","FMN aptamers","FMN Aptamer with Single Binding Site II",90
753072,"JP-14-0-17 (FMN-SBS II)","FMN aptamers","FMN Aptamer with Single Binding Site II",91
754708,SBSII-2,"FMN aptamers","FMN Aptamer with Single Binding Site II",78
758500,"Mod of Quasispecies design Fragments of old winners","FMN aptamers","FMN Aptamer with Single Binding Site II",82
766170,"Fragments of Old Winners (4)","FMN aptamers","FMN Aptamer with Single Binding Site II",93
766377,"GOOD SOLUTION","FMN aptamers","FMN Aptamer with Single Binding Site II",91
772049,"NUPACK design 01","FMN aptamers","FMN Aptamer with Single Binding Site II",90
772050,"NUPACK design 02","FMN aptamers","FMN Aptamer with Single Binding Site II",75
772051,"NUPACK design 03","FMN aptamers","FMN Aptamer with Single Binding Site II",87
772052,"NUPACK design 04","FMN aptamers","FMN Aptamer with Single Binding Site II",85
772057,"ViennaRNA design 01","FMN aptamers","FMN Aptamer with Single Binding Site II",87
772058,"ViennaRNA design 02","FMN aptamers","FMN Aptamer with Single Binding Site II",80
772062,"ViennaRNA design 03","FMN aptamers","FMN Aptamer with Single Binding Site II",85
772066,"ViennaRNA design 04","FMN aptamers","FMN Aptamer with Single Binding Site II",76
778408,"Mod of Quasispecies design Fragments of old winners v2","FMN aptamers","FMN Aptamer with Single Binding Site II",83
781981,"Combo - improved","FMN aptamers","FMN Aptamer with Single Binding Site II",90
788941,"Wild Cross - 2","FMN aptamers","FMN Aptamer with Single Binding Site II",90
790078,"Mod of JerryP70","FMN aptamers","FMN Aptamer with Single Binding Site II",92
790864,"RNase P Inspired","FMN aptamers","FMN Aptamer with Single Binding Site II",91
796275,"EteRNA ensemble design 0 (sparse 5)","FMN aptamers","FMN Aptamer with Single Binding Site II",95
796297,"EteRNA ensemble design 1 (sparse 5)","FMN aptamers","FMN Aptamer with Single Binding Site II",96
796304,"EteRNA ensemble design 2 (sparse 5)","FMN aptamers","FMN Aptamer with Single Binding Site II",91
796315,"EteRNA ensemble design 3 (sparse 5)","FMN aptamers","FMN Aptamer with Single Binding Site II",87
796350,"EteRNA ensemble design 4 (L2)","FMN aptamers","FMN Aptamer with Single Binding Site II",96
796364,"EteRNA ensemble design 5 (L2)","FMN aptamers","FMN Aptamer with Single Binding Site II",86
796368,"EteRNA ensemble design 6 (L2)","FMN aptamers","FMN Aptamer with Single Binding Site II",93
796379,"EteRNA ensemble design 7 (L2)","FMN aptamers","FMN Aptamer with Single Binding Site II",93
797091,"EteRNA ensemble design 08 (conventional)","FMN aptamers","FMN Aptamer with Single Binding Site II",93
797100,"EteRNA ensemble design 09 (conventional)","FMN aptamers","FMN Aptamer with Single Binding Site II",95
797108,"EteRNA ensemble design 10 (conventional)","FMN aptamers","FMN Aptamer with Single Binding Site II",90
797112,"EteRNA ensemble design 11 (conventional)","FMN aptamers","FMN Aptamer with Single Binding Site II",88
801242,"Mod of brourds 1 st round - ","FMN aptamers","FMN Aptamer with Single Binding Site II",92
809839,"Unique Stacks","FMN aptamers","FMN Binding Branches",91
810241,"Aldo's Inspiration","FMN aptamers","FMN Binding Branches",95
810525,"G-C pairs in multloops in same direction","FMN aptamers","FMN Binding Branches",83
811980,"Fisker's Binding branches","FMN aptamers","FMN Binding Branches",83
825437,fmnbb2-3,"FMN aptamers","FMN Binding Branches",73
827326,"NUPACK design 01","FMN aptamers","FMN Binding Branches",80
827328,"NUPACK design 02","FMN aptamers","FMN Binding Branches",80
827330,"NUPACK design 03","FMN aptamers","FMN Binding Branches",81
827331,"NUPACK design 04","FMN aptamers","FMN Binding Branches",83
827356,"ViennaRNA design 01","FMN aptamers","FMN Binding Branches",75
827357,"ViennaRNA design 02","FMN aptamers","FMN Binding Branches",72
827423,"ViennaRNA design 03","FMN aptamers","FMN Binding Branches",71
827433,"ViennaRNA design 04","FMN aptamers","FMN Binding Branches",68
827449,"Chum Bucket","FMN aptamers","FMN Binding Branches",86
839196,"A Tad More Changed Again - The Aptamer Design","FMN aptamers","FMN Binding Branches",84
840426,"FMN BB-2","FMN aptamers","FMN Binding Branches",79
856050,"EteRNA ensemble design 01 (conventional)","FMN aptamers","FMN Binding Branches",77
856054,"EteRNA ensemble design 02 (conventional)","FMN aptamers","FMN Binding Branches",74
856056,"EteRNA ensemble design 03 (conventional)","FMN aptamers","FMN Binding Branches",78
856057,"EteRNA ensemble design 04 (conventional)","FMN aptamers","FMN Binding Branches",83
856066,"EteRNA ensemble design 05 (sparse 5)","FMN aptamers","FMN Binding Branches",71
856068,"EteRNA ensemble design 06 (sparse 5)","FMN aptamers","FMN Binding Branches",88
856073,"EteRNA ensemble design 07 (sparse 5)","FMN aptamers","FMN Binding Branches",89
856077,"EteRNA ensemble design 08 (sparse 5)","FMN aptamers","FMN Binding Branches",78
856078,"EteRNA ensemble design 09 (L2)","FMN aptamers","FMN Binding Branches",81
856081,"EteRNA ensemble design 10 (L2)","FMN aptamers","FMN Binding Branches",77
856084,"EteRNA ensemble design 11 (L2)","FMN aptamers","FMN Binding Branches",86
856106,"EteRNA ensemble design 12 (L2)","FMN aptamers","FMN Binding Branches",90
887048,"Brourd's Third simple switch",Switches,"Simple RNA Switch ",38
887129,"My first solution",Switches,"Simple RNA Switch ",57
887408,"Fiskers third simple switch",Switches,"Simple RNA Switch ",61
887720,"wisdave's 1st switch",Switches,"Simple RNA Switch ",57
887992,S-RNA-S-1,Switches,"Simple RNA Switch ",79
888787,"LROppy's Simpleton Switch",Switches,"Simple RNA Switch ",57
892126,"Looking Glass",Switches,"Simple RNA Switch ",72
892437,Halfway,Switches,"Simple RNA Switch ",70
900231,"blur resubmission",Switches,"Simple RNA Switch ",51
900308,"Blur Modified",Switches,"Simple RNA Switch ",36
900314,DarkSimpleRNASW00002,Switches,"Simple RNA Switch ",61
900336,"my first fold",Switches,"Simple RNA Switch ",58
900986,"Switch 3",Switches,"Simple RNA Switch ",70
901089,"Blur Remodified",Switches,"Simple RNA Switch ",36
901223,"Brourd - 2.2",Switches,"Simple RNA Switch ",65
901245,twister,Switches,"Simple RNA Switch ",45
902242,mysolution,Switches,"Simple RNA Switch ",50
902404,"NUPACK design 01",Switches,"Simple RNA Switch ",43
902406,"NUPACK design 02",Switches,"Simple RNA Switch ",NULL
902407,"NUPACK design 03",Switches,"Simple RNA Switch ",79
902408,"NUPACK design 04",Switches,"Simple RNA Switch ",56
902643,TEBOWNED,Switches,"Simple RNA Switch ",89
905776,"RNA Switch 1",Switches,"Simple RNA Switch ",32
905934,"Modified Mikestrange's design Tebowned",Switches,"Simple RNA Switch ",84
909505," Blur Mod 2",Switches,"Simple RNA Switch ",47
909742,"GOOD SOLUTION 4",Switches,"Simple RNA Switch ",29
911303,srs2-3,Switches,"Simple RNA Switch ",48
914799,"Ion Test",Switches,"Simple RNA Switch ",59
920297,"SRS III 1 - Blur Mod",Switches,"Simple RNA Switch ",44
920426,srs3-3,Switches,"Simple RNA Switch ",66
920907,Simplified,Switches,"Simple RNA Switch ",72
921050,"Solved 1",Switches,"Simple RNA Switch ",68
921062,"Another submission",Switches,"Simple RNA Switch ",44
921071,"Brourd - 3.1",Switches,"Simple RNA Switch ",47
921245,"deliberate messy dotplot",Switches,"Simple RNA Switch ",23
921317,"NEXT TRY",Switches,"Simple RNA Switch ",61
921554,"RNA S 1",Switches,"Simple RNA Switch ",84
924786,"The Switcharoo",Switches,"Simple RNA Switch ",52
929736,"test -",Switches,"Simple RNA Switch ",NULL
930458,我的第四个解决方案,Switches,"Simple RNA Switch ",56
930778,test,Switches,"Simple RNA Switch ",NULL
930780,test,Switches,"Simple RNA Switch ",NULL
930781,testing,Switches,"Simple RNA Switch ",NULL
930791,"Looking Glass 4 resubmission",Switches,"Simple RNA Switch ",51
931884,"Modified Hoglahoo's design",Switches,"Simple RNA Switch ",58
937275,"Larger Gap Mod 2",Switches,"Simple RNA Switch ",48
947096,"Mod of Darksite ",Switches,"Simple RNA Switch ",58
947688,"LROppey Simpleton Switch Round3 Try1",Switches,"Simple RNA Switch ",50
948531,"Switch 4.2",Switches,"Simple RNA Switch ",56
948688,"Larger Gap #2",Switches,"Simple RNA Switch ",61
948705,"Looking Glass 5",Switches,"Simple RNA Switch ",60
948933,"Modified round 2 solution",Switches,"Simple RNA Switch ",31
948970,"RNA Switcher",Switches,"Simple RNA Switch ",27
951363,"Probably less than purrfect",Switches,"Simple RNA Switch ",49
951795,"Mod of a high Result",Switches,"Simple RNA Switch ",48
951945,"#2 RNA Switch Round 4",Switches,"Simple RNA Switch ",90
952097,"Yet another solution",Switches,"Simple RNA Switch ",89
953674,"Mod of Halfway",Switches,"Simple RNA Switch ",72
953978,"blur tweak mod 2",Switches,"Simple RNA Switch ",73
959388,"9.5 to 9.4",Switches,"Simple RNA Switch ",45
961928,"Mod of My solution by Yannma",Switches,"Simple RNA Switch ",NULL
962877,"Stream of Us",Switches,"Simple RNA Switch ",87
963195,"Mat - RNA Switch - mikestange-drake mod",Switches,"Simple RNA Switch ",61
963782,"Simple RNA Switch by AF",Switches,"Simple RNA Switch ",69
965388,"Another 'Tebowned' design",Switches,"Simple RNA Switch ",94
966572,Simplicity,Switches,"Simple RNA Switch ",41
967996,"Goldilocks (Looking Glass mod)",Switches,"Simple RNA Switch ",NULL
968090,"RNA S - 1",Switches,"Simple RNA Switch ",53
968123,"Larger Gap Round 5",Switches,"Simple RNA Switch ",80
968996,"Simple but sturdy",Switches,"Simple RNA Switch ",65
969035,"Getting rid of as many mismatches as a I can",Switches,"Simple RNA Switch ",25
969384,sol,Switches,"Simple RNA Switch ",69
971255,"Another solution",Switches,"Simple RNA Switch ",62
972376,"Mod of Simplicity",Switches,"Simple RNA Switch ",73
973248,"Positive energy",Switches,"Simple RNA Switch ",NULL
973263,"first attempt",Switches,"Simple RNA Switch ",68
977089,"Easily reversible RNA switch...",Switches,"Simple RNA Switch ",67
979804,"Mod of Tebowned",Switches,"Simple RNA Switch ",94
980015,"Yet Another Mod",Switches,"Simple RNA Switch ",72
980067,"Mat - Quick Mod of Mikestange",Switches,"Simple RNA Switch ",88
980450,"RNA S - 1",Switches,"Simple RNA Switch ",NULL
980660,"Cat's Cradle",Switches,"Simple RNA Switch ",59
981934,"Some GC-AU pairs 2 GU",Switches,"Simple RNA Switch ",37
982266,"NEXT TRY 2",Switches,"Simple RNA Switch ",39
984513,"Late Rise",Switches,"Simple RNA Switch ",48
984580,"Default title",Switches,"Simple RNA Switch ",80
984655,"Round 6 - Submission 1",Switches,"Simple RNA Switch ",71
984757,"Yet another Hoglahoo 2",Switches,"Simple RNA Switch ",75
987816,"Mod of Eli's third solution",Switches,"Simple RNA Switch ",93
988637,"First go",Switches,"Simple RNA Switch ",46
988906,"Duzaroo's Second Solution",Switches,"Simple RNA Switch ",58
989043,"Round 6",Switches,"Simple RNA Switch ",73
993448,"Another 'Tebowned design modified",Switches,"Simple RNA Switch ",87
994897,"Mod of Eli's Mod",Switches,"Simple RNA Switch ",78
994964,"new try q",Switches,"Simple RNA Switch ",47
996777,"Yet Another Mod II",Switches,"Simple RNA Switch ",70
998190,"Mod of late (own)",Switches,"Simple RNA Switch ",41
998229,"Round 7 - BMT",Switches,"Simple RNA Switch ",77
998255,8,Switches,"Simple RNA Switch ",53
998528,"R7 Sub A",Switches,"Simple RNA Switch ",61
998541,"Default title",Switches,"Simple RNA Switch ",52
999645,"Default title",Switches,"Simple RNA Switch ",80
999968,"More GU",Switches,"Simple RNA Switch ",49
1002773,"Starry's Mod",Switches,"Simple RNA Switch ",69
1009730,"Another 'Tebowned' variant",Switches,"Simple RNA Switch ",74
1011103,"Mod of Eli's 94% scoring Tebowned mod",Switches,"Simple RNA Switch ",82
1011618,"Mod 93",Switches,"Simple RNA Switch ",87
1015836,"Steve Clark Eli Mod Tweak",Switches,"Simple RNA Switch ",68
1044451,OP8,Switches,"Simple RNA Switch ",NULL
1056826,simpRNAswitch,Switches,"Simple RNA Switch ",66
1085595,"Mod of Tebowned (94% v2 Resubmission",Switches,"Simple RNA Switch ",NULL
1099869,"NUPACK design 05",Switches,"Simple RNA Switch ",64
1099876,"NUPACK design 06",Switches,"Simple RNA Switch ",48
1099882,"NUPACK design 07",Switches,"Simple RNA Switch ",75
1099908,"NUPACK design 08",Switches,"Simple RNA Switch ",50
1136124,Winner,Switches,"Simple RNA Switch ",61
1265068,"Mod of Eli's round 8 submission",Switches,"Simple RNA Switch ",67
1265766,"Mat - Resubmit of Mod my 88%",Switches,"Simple RNA Switch ",86
1274343,"tweeked mod 93",Switches,"Simple RNA Switch ",41
1275020,"MiniMod of Mod of Tebowned (94 score, fisker)",Switches,"Simple RNA Switch ",78
1275161,Male/Female,Switches,"Simple RNA Switch ",74
1335357,"ribonucleic's design 3",Switches,"Simple RNA Switch ",77
1360761,"mod top scores",Switches,"Simple RNA Switch ",90
1365140,"Mod of Eli's 94%",Switches,"Simple RNA Switch ",85
1380593,"mod 2 f Another mod of another tebowned design",Switches,"Simple RNA Switch ",80
1388475,"94% mod",Switches,"Simple RNA Switch ",68
1401395,Resubmission,Switches,"Simple RNA Switch ",NULL
1412740,"NUPACK design 03 Mod III",Switches,"Simple RNA Switch ",64
1030245,thinkrt,"Classic Eterna",""The Thinker" for new players",79
1036364,"wisdave's Thinker","Classic Eterna",""The Thinker" for new players",93
1038139,"JP-7-0-15 (The Thinker)","Classic Eterna",""The Thinker" for new players",84
1039993,"Ryan's Thinker 1","Classic Eterna",""The Thinker" for new players",94
1042244,"Acrobatics Unleashed, v2","Classic Eterna",""The Thinker" for new players",92
1043810,"Stinker Mod","Classic Eterna",""The Thinker" for new players",98
1046772,"Automatically Mutated to the Best Bases","Classic Eterna",""The Thinker" for new players",91
1070519,"Mirror Mirror Reprise","Classic Eterna",""The Thinker" for new players",96
1094143,"Third and Final Attempt","Classic Eterna",""The Thinker" for new players",NULL
1122738,"I'm thinking 6=0","Classic Eterna",""The Thinker" for new players",NULL
1185120,"The Little Thinker That Could","Classic Eterna",""The Thinker" for new players",76
1185316,"Veni Cogniti Vici","Classic Eterna",""The Thinker" for new players",91
1261854,"Second Lab Try","Classic Eterna",""The Thinker" for new players",82
1274534,"2 Picies Of Fried Chicken","Classic Eterna",""The Thinker" for new players",85
1288676,"StormedPuppet's Solution #3","Classic Eterna",""The Thinker" for new players",89
1313564,"Great plot and balanced melting point no GU 1","Classic Eterna",""The Thinker" for new players",89
2206576,"NUPACK design 01","Classic Eterna",""The Thinker" for new players",NULL
2206577,"NUPACK design 02","Classic Eterna",""The Thinker" for new players",NULL
2206578,"NUPACK design 03","Classic Eterna",""The Thinker" for new players",NULL
2206579,"NUPACK design 04","Classic Eterna",""The Thinker" for new players",NULL
2206594,"ViennaRNA design 01","Classic Eterna",""The Thinker" for new players",NULL
2206603,"ViennaRNA design 02","Classic Eterna",""The Thinker" for new players",NULL
2206605,"ViennaRNA design 03","Classic Eterna",""The Thinker" for new players",NULL
2206609,"ViennaRNA design 04","Classic Eterna",""The Thinker" for new players",NULL
2206733,"EternaBot design 01 [conventional]","Classic Eterna",""The Thinker" for new players",NULL
2206734,"EternaBot design 02 [conventional]","Classic Eterna",""The Thinker" for new players",NULL
2206736,"EternaBot design 03 [conventional]","Classic Eterna",""The Thinker" for new players",NULL
2206737,"EternaBot design 04 [conventional]","Classic Eterna",""The Thinker" for new players",NULL
2206738,"EternaBot design 01 [sparse]","Classic Eterna",""The Thinker" for new players",NULL
2206739,"EternaBot design 02 [sparse]","Classic Eterna",""The Thinker" for new players",NULL
2206740,"EternaBot design 03 [sparse]","Classic Eterna",""The Thinker" for new players",NULL
2206743,"EternaBot design 04 [sparse]","Classic Eterna",""The Thinker" for new players",NULL
2206748,"EternaBot design 01 [L2]","Classic Eterna",""The Thinker" for new players",NULL
2206749,"EternaBot design 02 [L2]","Classic Eterna",""The Thinker" for new players",NULL
2206752,"EternaBot design 03 [L2]","Classic Eterna",""The Thinker" for new players",NULL
2206758,"EternaBot design 04 [L2]","Classic Eterna",""The Thinker" for new players",NULL
1422371,"Brourd's First Submission",Switches,"FMN Aptamer 2.0",83
1422648,"Placeholder 2",Switches,"FMN Aptamer 2.0",80
1422733,"Mat - Aptamer 1",Switches,"FMN Aptamer 2.0",76
1424347,"Not too shabby",Switches,"FMN Aptamer 2.0",82
1424935,"Tickle Me Elmo",Switches,"FMN Aptamer 2.0",93
1427654,"sub-zero II",Switches,"FMN Aptamer 2.0",87
1428007,"The Middle Road",Switches,"FMN Aptamer 2.0",92
1438608,"Balanced Stability",Switches,"FMN Aptamer 2.0",89
1440295,"My 2nd best design for this lab.",Switches,"FMN Aptamer 2.0",62
1451413,"Colorful Ameoba",Switches,"FMN Aptamer 2.0",85
1452965,"SMART SOLUTION",Switches,"FMN Aptamer 2.0",79
1456692,"Fiskers FMN Aptamer  spore v1",Switches,"FMN Aptamer 2.0",95
1462563,"wisdave's mod of Placeholder 2",Switches,"FMN Aptamer 2.0",75
1467467,"1st time lab",Switches,"FMN Aptamer 2.0",NULL
1473508,pomme_jaune,Switches,"FMN Aptamer 2.0",75
1491650," Higher Kcal Dif.",Switches,"FMN Aptamer 2.0",74
1501079," ribonucleic's FMN 2.0 design 1",Switches,"FMN Aptamer 2.0",87
1503098,"Lady GAGA",Switches,"FMN Aptamer 2.0",77
1531583,"Trading spaces",Switches,"FMN Aptamer 2.0",59
1543935,"tHANK yOU",Switches,"FMN Aptamer 2.0",85
1551741,"Fiddlin' around",Switches,"FMN Aptamer 2.0",66
1577052,"Fusion 1",Switches,"FMN Aptamer 2.0",92
1581394,"MY NEW SOLUTION",Switches,"FMN Aptamer 2.0",89
1606167,"Shakers alleged solution",Switches,"FMN Aptamer 2.0",91
1626046,"Nick FMN Aptamer 2.0 RESUBMIT",Switches,"FMN Aptamer 2.0",77
1627587,"My First Lab",Switches,"FMN Aptamer 2.0",86
1632106,"The Ties That Bind",Switches,"FMN Aptamer 2.0",95
1635910,"Fiskers aptamer ticle me Elmo spore ",Switches,"FMN Aptamer 2.0",77
1645176,"blend of Eli and Gnatstomper",Switches,"FMN Aptamer 2.0",85
1645700,"Mat -Mod of Eli 95%",Switches,"FMN Aptamer 2.0",81
1655661,"Fiskers spore Mod II",Switches,"FMN Aptamer 2.0",85
1656147,"Eli's Design Modified",Switches,"FMN Aptamer 2.0",77
1657181,"Starting Point",Switches,"FMN Switch 2.0",81
1657343,Rabbit,Switches,"FMN Switch 2.0",25
1657553,"wisdave mod of Broud's FMN Switch",Switches,"FMN Switch 2.0",82
1657624,"Brourd's FMN Switch V 2.0",Switches,"FMN Switch 2.0",44
1658775,"FIRST TRY",Switches,"FMN Switch 2.0",44
1658950,"Fiskers FMN switch 2.0",Switches,"FMN Switch 2.0",47
1659272,"Rainbow Brite",Switches,"FMN Switch 2.0",54
1659324,Guppy,Switches,"FMN Switch 2.0",58
1660366,"camouflage 1.0",Switches,"FMN Switch 2.0",58
1668204,"Bugs Bunny",Switches,"FMN Switch 2.0",68
1675890,"ribonucleic's FMN Switch ",Switches,"FMN Switch 2.0",37
1688580,"Last Attempt",Switches,"FMN Switch 2.0",52
1729678,"More stable modification of my last submission.",Switches,"FMN Switch 2.0",64
1734920,"Brourd - Double mismatch design",Switches,"FMN Switch 2.0",35
1743537,"Bound Cosmic Zebra",Switches,"FMN Switch 2.0",72
1750741,"mod of Fruits Labor 1",Switches,"FMN Switch 2.0",49
1780713,"Eli Mod",Switches,"FMN Switch 2.0",66
1782320,"Round 2 - Sub 2",Switches,"FMN Switch 2.0",80
1783294,"Beginner's Luck 2.0",Switches,"FMN Switch 2.0",57
1784439,"Pins and Needles 2",Switches,"FMN Switch 2.0",47
1787197,"Getting Closer",Switches,"FMN Switch 2.0",61
1788321,"Beautiful Plot",Switches,"FMN Switch 2.0",61
1789519,"No Longer a Zebra",Switches,"FMN Switch 2.0",65
1792238,"Guppy 2",Switches,"FMN Switch 2.0",55
1794595,"MY NEW SOLUTION",Switches,"FMN Switch 2.0",48
1802299,"BiPolar Switch",Switches,"FMN Switch 2.0",58
1819392,"Drax's mod of wisdave's mod",Switches,"FMN Switch 2.0",46
1820118,"Mod of Starting Point",Switches,"FMN Switch 2.0",81
1820465,"qaz695 Rd #2 FMN Aptamer 2.0",Switches,"FMN Switch 2.0",52
1821330,"Eli Wisdave mod",Switches,"FMN Switch 2.0",NULL
1821698,"Enterprise Round 2",Switches,"FMN Switch 2.0",52
1826162,"Mod of Wisdave mod of Brourd's FMN switch",Switches,"FMN Switch 2.0",46
1830232,"Starry mod",Switches,"FMN Switch 2.0",81
1832870,"camoflauge 2.0.1",Switches,"FMN Switch 2.0",74
1834128,"Progressive folding",Switches,"FMN Switch 2.0",86
1834261,"Mod Squad",Switches,"FMN Switch 2.0",72
1835947,"Wisdave Mod",Switches,"FMN Switch 2.0",82
1839133,"Mod of Brourds FMN Switch 2.0",Switches,"FMN Switch 2.0",59
1843242,"Triple Trouble",Switches,"FMN Switch 2.0",51
1849870,foo,Switches,"FMN Switch 2.0",59
1852372,"3rd lab puzzle",Switches,"FMN Switch 2.0",68
1853329,"Mod of EINando888 design",Switches,"FMN Switch 2.0",35
1856053,"High Energy Difference",Switches,"FMN Switch 2.0",70
1858243,"Enterprise Round 3",Switches,"FMN Switch 2.0",62
1858868,"Mod of alacrus 81pter",Switches,"FMN Switch 2.0",32
1859400,"Mod of Bugs Bunny",Switches,"FMN Switch 2.0",54
1862294,Hopscotch,Switches,"FMN Switch 2.0",73
1863499,"Summers Back",Switches,"FMN Switch 2.0",92
1864678,"FMN S -1",Switches,"FMN Switch 2.0",88
1865751,"Goldfish/Tadpole V Resub",Switches,"FMN Switch 2.0",78
1868550,"Huzzah 2",Switches,"FMN Switch 2.0",78
1871214,Goldpole/Tadfish,Switches,"FMN Switch 2.0",75
1873777,Reloaded,Switches,"FMN Switch 2.0",82
1876332,"Modified my mod of wisdave solution",Switches,"FMN Switch 2.0",82
1877552,"Wisedave Mod ",Switches,"FMN Switch 2.0",76
1899575," Summers Back Mod",Switches,"FMN Switch 2.0",62
1900042,"Summer Flip",Switches,"FMN Switch 2.0",78
1900147,"Summer Turning Into Fall",Switches,"FMN Switch 2.0",83
1900364,"Summers back mod",Switches,"FMN Switch 2.0",71
1902936,"Bound Summer Zebra",Switches,"FMN Switch 2.0",84
1902980,"Mod of Jnicol's Bound Summer Zebra",Switches,"FMN Switch 2.0",83
1903121,"Meechl's Flip Stability",Switches,"FMN Switch 2.0",87
1905095,"Enterprise Round 4",Switches,"FMN Switch 2.0",69
1907256,"qaz695- Mod of jnicol 92/100 design",Switches,"FMN Switch 2.0",80
1909648,"Folding Zebra",Switches,"FMN Switch 2.0",74
1910517,"FMN Switch 2.0 Ver 1",Switches,"FMN Switch 2.0",38
1910924,"FMN Switch 2.0",Switches,"FMN Switch 2.0",78
1913715,"Summers Back Mod Mod",Switches,"FMN Switch 2.0",52
1914172,"4th Lab Puzzle",Switches,"FMN Switch 2.0",71
1914957,Tempest,Switches,"FMN Switch 2.0",80
1915529,"Hello Old Friends",Switches,"FMN Switch 2.0",80
1917962,rattle2,Switches,"FMN Switch 2.0",73
1918274,"Backburn II sv 2",Switches,"FMN Switch 2.0",25
1919286,"Strong Bonds",Switches,"FMN Switch 2.0",72
1923871,Quadrophenia,Switches,"FMN Switch 2.0",72
1927891,"Folding Zebra mod",Switches,"FMN Switch 2.0",90
1936649,"bloto lab",Switches,"FMN Switch 2.0",72
1939795,"Quadrophenia II",Switches,"FMN Switch 2.0",72
2024581,"FMN Switch 2.0 by Bobby Claude",Switches,"FMN Switch 2.0",70
2041061,"EINando's RNA gun Reloaded ",Switches,"FMN Switch 2.0",78
2019745,"Blastoise ","Classic Eterna",""Sea Turtle" for New Players",76
2045409,"Pub #4","Classic Eterna",""Sea Turtle" for New Players",90
2103101,"Sea Turtle #3","Classic Eterna",""Sea Turtle" for New Players",89
2137636,"'C' Turtle","Classic Eterna",""Sea Turtle" for New Players",94
2137811,"new turtle","Classic Eterna",""Sea Turtle" for New Players",93
2167604,shadowfalx7,"Classic Eterna",""Sea Turtle" for New Players",90
2183308,"Loggerhead Babies","Classic Eterna",""Sea Turtle" for New Players",82
2185038,"Norwegian turtle","Classic Eterna",""Sea Turtle" for New Players",91
2207077,"even more GUs","Classic Eterna",""Sea Turtle" for New Players",78
2207160,"MOD Garydfisher","Classic Eterna",""Sea Turtle" for New Players",93
2208109,"red green blue yellow","Classic Eterna",""Sea Turtle" for New Players",90
2209123,"Sea Turtle Mark 2","Classic Eterna",""Sea Turtle" for New Players",84
2222961,Franklin,"Classic Eterna",""Sea Turtle" for New Players",91
2225800,"the walking ball","Classic Eterna",""Sea Turtle" for New Players",82
2240451,"Simple Solution","Classic Eterna",""Sea Turtle" for New Players",87
2270537,"'C' Turtle Improved","Classic Eterna",""Sea Turtle" for New Players",94
2060298,"HAFS 2",Switches,"Hand and Finger",37
2061329,"Stick & Carrot",Switches,"Hand and Finger",49
2061665,"String of pearls",Switches,"Hand and Finger",66
2077501,"very few G-C bonds",Switches,"Hand and Finger",54
2080544,Switch1,Switches,"Hand and Finger",37
2094941,"momo bromo",Switches,"Hand and Finger",54
2126687,SKYFALL,Switches,"Hand and Finger",33
2195923,"Thing T. Thing",Switches,"Hand and Finger",53
2206349,"HAB R2-3",Switches,"Hand and Finger",33
2207726,"Blue Switch 1",Switches,"Hand and Finger",57
2208269,Andrea's,Switches,"Hand and Finger",43
2208315,"Blue Steel",Switches,"Hand and Finger",46
2209875,"Default title",Switches,"Hand and Finger",57
2210564,"MAH solution V2",Switches,"Hand and Finger",46
2228322,"momo bromo 3",Switches,"Hand and Finger",49
2232837,"SKYFALLING revisited",Switches,"Hand and Finger",68
2280849,"HF 3rd Try",Switches,"Hand and Finger",68
2281370,"momo bromo 4",Switches,"Hand and Finger",54
2281706,"HAF High G-C Resubmission",Switches,"Hand and Finger",57
2284797,-25.8kcal/8.7'C,Switches,"Hand and Finger",54
2285556,"MOD2 of Brourd",Switches,"Hand and Finger",57
2286927,"Blue Steel Tweak",Switches,"Hand and Finger",46
2287366,"Mod of Geussobexe",Switches,"Hand and Finger",57
2287376,"Mod of armin RESUB",Switches,"Hand and Finger",66
2290897,"altered c-quence",Switches,"Hand and Finger",54
2296784,"one hand clap",Switches,"Hand and Finger",49
2298538,"Resubmit of FinalTap from round 2",Switches,"Hand and Finger",54
2313908,"Mat - Mod of Armin",Switches,"Hand and Finger",66
2317115,"String of pearls continued",Switches,"Hand and Finger",NULL
2319008,"Cyan Pearls",Switches,"Hand and Finger",NULL
2319623,"50 Shades of Great",Switches,"Hand and Finger",NULL
2320447,Galaga,Switches,"Hand and Finger",NULL
2284255,"FMNBinding-Minimal GC","FMN aptamers","FMN Binding Shapes",85
2284613,"stronger stacks, stronger score ","FMN aptamers","FMN Binding Shapes",93
2284645,"Mod of Usrige","FMN aptamers","FMN Binding Shapes",92
2284662,Paradise,"FMN aptamers","FMN Binding Shapes",78
2285358,"Past Times","FMN aptamers","FMN Binding Shapes",91
2285481,"Advance Science #4","FMN aptamers","FMN Binding Shapes",91
2285889,"White Christmas","FMN aptamers","FMN Binding Shapes",91
2285922,Willbound,"FMN aptamers","FMN Binding Shapes",88
2286258,"Fiskers Mixed Binding Shapes","FMN aptamers","FMN Binding Shapes",92
2286506,Jackalope,"FMN aptamers","FMN Binding Shapes",91
2286815,"Outkast #2","FMN aptamers","FMN Binding Shapes",91
2287002,"Mod Fiskers Binding Branches","FMN aptamers","FMN Binding Shapes",90
2287716,"7 Loops version 2","FMN aptamers","FMN Binding Shapes",88
2289292,"Finding and Binding","FMN aptamers","FMN Binding Shapes",93
2289451,"Score 100% v.1.0","FMN aptamers","FMN Binding Shapes",90
2289492,"Bot + Bot","FMN aptamers","FMN Binding Shapes",92
2291960,"Mat - FMN Binding v2","FMN aptamers","FMN Binding Shapes",92
2293090,"LUCKY 13","FMN aptamers","FMN Binding Shapes",90
2297050,"Happy New Year","FMN aptamers","FMN Binding Shapes",93
2299311,"Eli rip-off","FMN aptamers","FMN Binding Shapes",92
2301721,"ViennaRNA design 01","FMN aptamers","FMN Binding Shapes",76
2301725,"ViennaRNA design 02","FMN aptamers","FMN Binding Shapes",68
2301727,"ViennaRNA design 03","FMN aptamers","FMN Binding Shapes",69
2301729,"ViennaRNA design 04","FMN aptamers","FMN Binding Shapes",61
2301731,"NUPACK design 01","FMN aptamers","FMN Binding Shapes",91
2301732,"NUPACK design 02","FMN aptamers","FMN Binding Shapes",67
2301733,"NUPACK design 03","FMN aptamers","FMN Binding Shapes",81
2301734,"NUPACK design 04","FMN aptamers","FMN Binding Shapes",73
3015368,Knife,Switches,"FMN Switch 2.0 - First State with Locked Bases",88
3015509,lock1,Switches,"FMN Switch 2.0 - First State with Locked Bases",92
3015513,lock2,Switches,"FMN Switch 2.0 - First State with Locked Bases",89
3015830,"#First State-Locked Bases",Switches,"FMN Switch 2.0 - First State with Locked Bases",86
3016086,JR_FMNLock_Rnd1_Sub1,Switches,"FMN Switch 2.0 - First State with Locked Bases",88
3016300,"FNM 2",Switches,"FMN Switch 2.0 - First State with Locked Bases",88
3018379,"wisdave FMN",Switches,"FMN Switch 2.0 - First State with Locked Bases",84
3020113,"First Base",Switches,"FMN Switch 2.0 - First State with Locked Bases",85
3020747,"Summers Clone",Switches,"FMN Switch 2.0 - First State with Locked Bases",82
3021900,"Mat - First State D1",Switches,"FMN Switch 2.0 - First State with Locked Bases",88
3021905,"Mat - First State D2",Switches,"FMN Switch 2.0 - First State with Locked Bases",93
3021910,"Mat - First State D3",Switches,"FMN Switch 2.0 - First State with Locked Bases",85
3023895,"FMN Switch 2.0 V.1",Switches,"FMN Switch 2.0 - First State with Locked Bases",88
3023932,"FMN Switch 2.0 V.2",Switches,"FMN Switch 2.0 - First State with Locked Bases",89
3024412,"FMN Switch 2.0 V.3",Switches,"FMN Switch 2.0 - First State with Locked Bases",93
3026017,"Attempt 1",Switches,"FMN Switch 2.0 - First State with Locked Bases",76
3027355,Lokie_FMN1,Switches,"FMN Switch 2.0 - First State with Locked Bases",85
3027364,Lokie_FMN2,Switches,"FMN Switch 2.0 - First State with Locked Bases",90
3027937,"Fiskers FMN Switch with locked bases D1",Switches,"FMN Switch 2.0 - First State with Locked Bases",92
3027981,"Fiskers FMN Switch with locked bases D2",Switches,"FMN Switch 2.0 - First State with Locked Bases",92
3027984,"Fiskers FMN Switch with locked bases D3",Switches,"FMN Switch 2.0 - First State with Locked Bases",88
3027993,Cebe,Switches,"FMN Switch 2.0 - First State with Locked Bases",86
3029477,"First Baseman",Switches,"FMN Switch 2.0 - First State with Locked Bases",85
3031757,"Locked and Loaded",Switches,"FMN Switch 2.0 - First State with Locked Bases",81
3035946,"Hotcreek's Top Score ",Switches,"FMN Switch 2.0 - First State with Locked Bases",82
3036082,"Final Mod of Folding Zebra Mod",Switches,"FMN Switch 2.0 - First State with Locked Bases",90
3040361,Raenor,Switches,"FMN Switch 2.0 - First State with Locked Bases",89
3046447,"Locked Antennae 1",Switches,"FMN Switch 2.0 - First State with Locked Bases",93
3048945,Bilearen,Switches,"FMN Switch 2.0 - First State with Locked Bases",90
3054961,JR_FMNLock_Rnd1_Sub3,Switches,"FMN Switch 2.0 - First State with Locked Bases",89
3062236,"Fishers FMN",Switches,"FMN Switch 2.0 - First State with Locked Bases",88
3066552,"Matt attack",Switches,"FMN Switch 2.0 - First State with Locked Bases",81
3070049,"Paradise Locked - Brourd - Lab 'FMN Switch 2.0 - First state with locked bases' R1 - Sub 2 (Nothing special)",Switches,"FMN Switch 2.0 - First State with Locked Bases",90
3070059,"Locked the Question - Brourd - Lab 'FMN Switch 2.0 - First state with locked bases' R1 - Sub 3 (Lots of U)",Switches,"FMN Switch 2.0 - First State with Locked Bases",88
3070066,"Locked Expectations - Brourd - Lab 'FMN Switch 2.0 - First state with locked bases' R1 - Sub 1 (Correction)",Switches,"FMN Switch 2.0 - First State with Locked Bases",84
3071206,"Spanda final",Switches,"FMN Switch 2.0 - First State with Locked Bases",80
3072051,"Locked #1",Switches,"FMN Switch 2.0 - First State with Locked Bases",86
3083987,"Zhoyuia (Mod of Eli)",Switches,"FMN Switch 2.0 - First State with Locked Bases",90
3083994,"Thennieth (Dot Plot)",Switches,"FMN Switch 2.0 - First State with Locked Bases",76
3083996,Wazhethain,Switches,"FMN Switch 2.0 - First State with Locked Bases",89
