,start,end,sequence,structure,shape_score,rank,consensus_score
237,21200,21320,UAAGCUCAUGGGACACUUCGCAUGGUGGACAGCCUUUGUUACUAAUGUGAAUGCGUCAUCAUCUGAAGCAUUUUUAAUUGGAUGUAAUUAUCUUGGCAAACCACGCGAACAAAUAGAUGG,...........(((.......................................[)))..((((((.]............................((.......)).......)))))).,0.5416666666666666,-2,0.0
255,22520,22640,UCCAACCAACAGAAUCUAUUGUUAGAUUUCCUAAUAUUACAAACUUGUGCCCUUUUGGUGAAGUUUUUAACGCCACCAGAUUUGCAUCUGUUUAUGCUUGGAACAGGAAGAGAAUCAGCA,...........(((((((....)))))))........((((....))))....(((((((..((.....))[[)))))))...]]..((((((.......))))))((......))....,0.6916666666666667,-3,0.0
222,20120,20240,AAUUGGAGAAGCCGUAAAAACACAGUUCAAUUAUUAUAAGAAAGUUGAUGGUGUUGUCCAACAAUUACCUGAAACUUACUUUACUCAGAGUAGAAAUUUACAAGAAUUUAAACCCAGGAG,...(((.....)))....(((((...((((((..........))))))[[)))))...]]....((((((((............)))).))))((((((....))))))...........,0.5083333333333333,-3,0.0
115,10320,10440,UAAGGUUGAUACAGCCAAUCCUAAGACACCUAAGUAUAAGUUUGUUCGCAUUCAACCAGGACAGACUUUUUCAGUGUUAGCUUGUUACAAUGGUUCACCAUCUGGUGUUUACCAAUGUGC,...((((.....))))........(((((..(((...((((((((((...........)))))))))))))[[)))))....]].((((.((((.((((....))))...)))).)))).,0.75,-3,0.0
1,120,240,CACGCAGUAUAAUUAAUAACUAAUUACUGUCGUUGACAGGACACGAGUAACUCGUCUAUCUUCUGCAGGCUGCUUACGGUUUCGUCCGUGUUGCAGCCGAUCAUCAGCACAUCUAGGUUU,.((((((((..((((.....))))))))).)))((.(((((.((((.....))))[[...)))))))((((((.(((((......)))))..))))))(((.........)))..]]...,0.7,-3,0.0
170,15120,15240,UCUAUCUGUAGUACUAUGACCAAUAGACAGUUUCAUCAAAAAUUAUUGAAAUCAAUAGCCGCCACUAGAGGAGCUACUGUAGUAAUUGGAACAAGCAAAUUCUAUGGUGGUUGGCACAAC,.....((((.[[.((((.....))))))))(((((...........)))))......((((((......)).((((((((((.((((..........))))))))))))))))))]]...,0.5916666666666667,-3,0.0
309,28280,28400,AUAAUGGACCCCAAAAUCAGCGAAAUGCACCCCGCAUUACGUUUGGUGGACCCUCAGAUUCAACUGGCAGUAACCAGAAUGGAGAACGCAGUGGGGCGCGAUCAAAACAACGUCGGCCCC,.....((.((((((.....(((.(((((.....))))).))))))).))[[))((((......))))..]]..((.....)).(....)...(((((.((((.........))))))))),0.7666666666666667,-3,0.0
45,4280,4400,UAGAGGAGGCAAAGACAGUGCUUAAAAAGUGUAAAAGUGCCUUUUACAUUCUACCAUCUAUUAUCUCUAAUGAGAAGCAAGAAAUUCUUGGAACUGUUUCUUGGAAUUUGCGAGAAAUGC,(((((((((((.......)))))....(((((((((.....)))))))))[[.)).))))...((((....))))]]((((.....)))).....((((((((.......))))))))..,0.7416666666666667,-3,0.0
22,2400,2520,CUCAAAGGGAUUGUACAGAAAGUGUGUUAAAUCCAGAGAAGAAACUGGCCUACUCAUGCCUCUAAAAGCCCCAAAAGAAAUUAUCUUCUUAGAGGGAGAAACACUUCCCACAGAAGUGUU,(((..[[((((((((((.....)))))..))))).)))......]](((........)))..............((....)).((((((....))))))((((((((.....)))))))),0.725,-3,0.0
269,23800,23920,ACUGAAUGCAGCAAUCUUUUGUUGCAAUAUGGCAGUUUUUGUACACAAUUAAACCGUGCUUUAACUGGAAUAGCUGUUGAACAAGACAAAAACACCCAAGAAGUUUUUGCACAAGUCAAA,((((..((((((((....))))))))...[[.))))((((((.(((.........)))..(((((.((.....)))))))))))))(((((((.........)))))))..]].......,0.7583333333333333,-3,0.0
139,12600,12720,UGAAAUUAGUAUGGACAAUUCACCUAAUUUAGCAUGGCCUCUUAUUGUAACAGCUUUAAGGGCCAAUUCUGCUGUCAAAUUACAGAAUAAUGAGCUUAGUCCUGUUGCACUACGACAGAU,..(((((((..............)))))))(((.(((((.((((............)))))))))((((((...........))))))...[[)))...]]((((((.....))))))..,0.7166666666666667,-3,0.24242424242424243
47,4360,4480,GAAAUUCUUGGAACUGUUUCUUGGAAUUUGCGAGAAAUGCUUGCACAUGCAGAAGAAACACGCAAAUUAAUGCCUGUCUGUGUGGAAACUAAAGCCAUAGUUUCAACUAUACAGCGUAAA,.(((((((.((((....)))).)))))))(((((.....))))).((((((((........(((......)))[[[))))))))(((((((......))))))).......]]]......,0.7833333333333333,-4,0.0
220,20000,20120,UGAUGGUCAAGUAGACUUAUUUAGAAAUGCCCGUAAUGGUGUUCUUAUUACAGAAGGUAGUGUUAAAGGUUUACAACCAUCUGUAGGUCCCAAACAAGCUAGUCUUAAUGGAGUCACAUU,.((((((...(((((((..(((((...((((.(((((((.....)))))))[[[.))))...)))))))))))).))))))(((.........)))......]]].((((......)))),0.6916666666666667,-4,0.0
254,22480,22600,ACUGUAGAAAAAGGAAUCUAUCAAACUUCUAACUUUAGAGUCCAACCAACAGAAUCUAUUGUUAGAUUUCCUAAUAUUACAAACUUGUGCCCUUUUGGUGAAGUUUUUAACGCCACCAGA,...(((((....[[[.))))).....(((((....)))))]]]........(((((((....)))))))........((((....))))....(((((((.............))))))),0.6583333333333333,-4,0.0
298,26560,26680,UAAAAAGCUCCUUGAACAAUGGAACCUAGUAAUAGGUUUCCUAUUCCUUACAUGGAUUUGUCUUCUACAAUUUGCCUAUGCCAACAGGAAUAGGUUUUUGUAUAUAAUUAAGUUAAUUUU,.............((((...((((((((....))))))))((((((((..(((((..((((.....))))..[[[))))).....))))))))))))..]]]..................,0.7583333333333333,-4,0.36363636363636365
251,22360,22480,GUGGGUUAUCUUCAACCUAGGACUUUUCUAUUAAAAUAUAAUGAAAAUGGAACCAUUACAGAUGCUGUAGACUGUGCACUUGACCCUCUCUCAGAAACAAAGUGUACGUUGAAAUCCUUC,.((((((......))))))((..(((((.((((.....))))))))).[[[.)).(((((.....)))))((.((((((((..................)))))))))).....]]]...,0.7416666666666667,-4,0.5454545454545454
38,3800,3920,AUAAAAAUCUCUAUGACAAACUUGUUUCAAGCUUUUUGGAAAUGAAGAGUGAAAAGCAAGUUGAACAAAAGAUCGCUGAGAUUCCUAAAGAGGAAGUUAAGCCAUUUAUAACUGAAAGUA,......(((((.......((((((((((..((((((((....)))))))))))..)))))))((........))[[[)))))((((....))))(((((.........)))))...]]].,0.7166666666666667,-4,0.0
37,3640,3760,GAAGACAUUCAACUUCUUAAGAGUGCUUAUGAAAAUUUUAAUCAGCACGAAGUUCUACUUGCACCAUUAUUAUCAGCUGGUAUUUUUGGUGCUGACCCUAUACAUUCUUUAAGAGUUUGU,(((....)))((((((..[[[.(((((................)))))))))))...]]]((((((....((((....))))....))))))...........((((.....))))....,0.6333333333333333,-4,0.8
253,22440,22560,UGACCCUCUCUCAGAAACAAAGUGUACGUUGAAAUCCUUCACUGUAGAAAAAGGAAUCUAUCAAACUUCUAACUUUAGAGUCCAACCAACAGAAUCUAUUGUUAGAUUUCCUAAUAUUAC,(((.......)))..(((.........)))(((....)))...(((((....[[[.))))).....(((((....)))))]]]........(((((((....)))))))...........,0.7166666666666667,-4,0.3448275862068966
206,18040,18160,CUGAAAAUGUAACAGGACUCUUUAAAGAUUGUAGUAAGGUAAUCACUGGGUUACAUCCUACACAGGCACCUACACACCUCAGUGUUGACACUAAAUUCAAAACUGAAGGUUUAUGUGUUG,......(((((((.((..........(((((.....[[[))))).))..)))))))(((....)))..]]]((((......)))).(((((((((((((....)))..))))).))))).,0.65,-4,0.0
33,3200,3320,GGUUAGAUGAUGAUAGUCAACAAACUGUUGGUCAACAAGACGGCAGUGAGGACAAUCAGACAACUACUAUUCAAACAAUUGUUGAGGUUCAACCUCAAUUAGAGAUGGAACUUACACCAG,((((...((((....(((.....(((((((.((.....)))))))))[[[))).))))...))))....]]]........(((((((.....)))))))......(((........))).,0.65,-4,0.48484848484848486
294,25960,26080,CUGAAAAAUGGGAAUCUGGAGUAAAAGACUGUGUUGUAUUACACAGUUACUUCACUUCAGACUAUUACCAGCUGUACUCAACUCAAUUGAGUACAGACACUGGUGUUGAACAUGUUACCU,.......((((...((((((((....((((((((......))))))))..[[[))))))))))))((((((((((((((((.....))))))))))...))))))..]]]..........,0.7333333333333333,-4,0.47058823529411764
263,23040,23160,AUCAUAUGGUUUCCAACCCACUAAUGGUGUUGGUUACCAACCAUACAGAGUAGUAGUACUUUCUUUUGAACUUCUACAUGCACCAGCAACUGUUUGUGGACCUAAAAAGUCUACUAAUUU,.....((((((.((((((((....))).)))))[[[..))))))((((.((((.(((............))).)))).(((....))).))))..((((((.......))))))]]]...,0.7083333333333334,-4,0.0
178,15920,16040,GUACCUUCCUUACCCAGAUCCAUCAAGAAUCCUAGGGGCCGGCUGUUUUGUAGAUGAUAUCGUAAAAACAGAUGGUACACUUAUGAUUGAACGGUUCGUGUCUUUAGCUAUAGAUGCUUA,(((((..((...(((((.((......))[[[)).)))...))(((((((...............)))))))..)))))......]]].((.....))((((((........))))))...,0.7833333333333333,-4,0.0
267,23480,23600,CUAAUGUUUUUCAAACACGUGCAGGCUGUUUAAUAGGGGCUGAACAUGUCAACAACUCAUAUGAGUGUGACAUACCCAUUGGUGCAGGUAUAUGCGCUAGUUAUCAGACUCAGACUAAUU,....((((.....))))(.....)..((((((....[[[.))))))(((((...((((....)))).)))))..]]]..(((((((......)))))))(((....)))...........,0.7166666666666667,-4,0.0
106,9800,9920,CGCUGUGCACCUUUUUGUUAAAUAAAGAAAUGUAUCUAAAGUUGCGUAGUGAUGUGCUAUUACCUCUUACGCAAUAUAAUAGAUACUUAGCUCUUUAUAAUAAGUACAAGUAUUUUAGUG,.(((((((......((((((..((((((...(((((((..(((((((((((((.....)))))....)))))))).[[[))))))).....)))))))))))))))).)))...]]]...,0.625,-4,0.0
180,16000,16120,UUAUGAUUGAACGGUUCGUGUCUUUAGCUAUAGAUGCUUACCCACUUACUAAACAUCCUAAUCAGGAGUAUGCUGAUGUCUUUCAUUUGUACUUACAAUACAUAAGAAAGCUACAUGAUG,........((..[[[))((((((........))))))..]]].............((((....))))(((.(((....((((.....((((.......)))).)))).))))))......,0.8,-4,0.0
100,9160,9280,AACACCUACCUUGAAGGUUCUGUUAGAGUGGUAACAACUUUUGAUUCUGAGUACUGUAGGCACGGCACUUGUGAAAGAUCAGAAGCUGGUGUUUGUGUAUCUACUAGUGGUAGAUGGGUA,((((((.[[[((((((((..(((((......)))))))))))))((((((....(((.......)))(((....))).))))))...))))))....(((((((.....)))))))]]].,0.7416666666666667,-4,0.0
203,17920,18040,AUGUUGCUAUUACCAGAGCAAAAGUAGGCAUACUUUGCAUAAUGUCUGAUAGAGACCUUUAUGACAAGUUGCAAUUUACAAGUCUUGAAAUUCCACGUAGGAAUGUGGCAACUUUACAAG,....((((........))))((((((....))))))(((((..((((.....))))[[[)))).)((((((.(((((.((.....)))))))((((((....))))))))))))...]]],0.7416666666666667,-4,0.7272727272727273
66,6200,6320,UUAAGAAAGGAGCUAAAUUGUUACAUAAACCUAUUGUUUGGCAUGUUAACAAUGCAACUAAUAAAGCCACGUAUAAACCAAAUACCUGGUGUAUACGUUGUCUUUGGAGCACAAAACCAG,........((.((...((((((((((((((.....))))...))).)))))))))..((.....))))(((((((.((((......)))).)))))))(((((.[[[)).)))...]]].,0.7333333333333333,-4,0.7435897435897436
87,8440,8560,CGAAAACAAAUACGUAGUGCUGCUAAAAAGAAUAACUUACCUUUUAAGUUGACAUGUGCAACUACUAGACAAGUUGUUAAUGUUGUAACAACAAAGAUAGCACUUAAGGGUGGUAAAAUU,.............(((((..(((.........(((((((.....)))))))...[[[))))))))...]]].(((((((......)))))))........((((....))))........,0.6583333333333333,-4,0.0
219,19760,19880,AACAUUACCUGUUAAUGUAGCAUUUGAGCUUUGGGCUAAGCGCAACAUUAAACCAGUACCAGAGGUGAAAAUACUCAAUAAUUUGGGUGUGGACAUUGCUGCUAAUACUGUGAUCUGGGA,((((.....))))((((((((......))).[[[((.....)).)))))...]]]...(((((.((....))((((((....))))))((((......))))((......)).)))))..,0.6916666666666667,-4,0.7222222222222222
306,27560,27680,GACUUGCUUUAGCACUCAAUUUGCUUUUGCUUGUCCUGACGGCGUAAAACACGUCUAUCAGUUACGUGCCAGAUCAGUUUCACCUAAACUGUUCAUCAGACAAGAGGAAGUUCAAGAACU,(((((.(((.((((.......))))[[[.((((((.(((.(((((.....))))).(((............)))((((((.....))))))....)))))))))))))))))...]]]..,0.7666666666666667,-4,0.375
250,22320,22440,UUCUUCUUCAGGUUGGACAGCUGGUGCUGCAGCUUAUUAUGUGGGUUAUCUUCAACCUAGGACUUUUCUAUUAAAAUAUAAUGAAAAUGGAACCAUUACAGAUGCUGUAGACUGUGCACU,....((((.((((((((((((....)))).((((((.....))))))...))))))))))))...(((((((.............)))))))...(((((..[[[))))).....]]]..,0.7916666666666666,-4,0.0
321,29120,29240,AAGGAAAUUUUGGGGACCAGGAACUAAUCAGACAAGGAACUGAUUACAAACAUUGGCCGCAAAUUGCACAAUUUGCCCCCAGCGCUUCAGCGUUCUUCGGAAUGUCGCGCAUUGGCAUGG,..........(((((.........(((((((........)))))))((.....))[[[(((((((....))))))))))))((((....((((((....)))))).))))...]]]....,0.7416666666666667,-4,0.0
21,2360,2480,AACUUAAAGCCUUGAAUUUAGGUGAAACAUUUGUCACGCACUCAAAGGGAUUGUACAGAAAGUGUGUUAAAUCCAGAGAAGAAACUGGCCUACUCAUGCCUCUAAAAGCCCCAAAAGAAA,.(((((((........))))))).....(((((..(((((((....[[[.((.....)).))))))))))))((((........)))).........((........))]]]........,0.5916666666666667,-4,0.2962962962962963
3,240,360,CGUCCGGGUGUGACCGAAAGGUAAGAUGGAGAGCCUUGUCCCUGGUUUCAACGAGAAAACACACGUCCAACUCAGUUUGCCUGUUUUACAGGUUCGCGACGUGCUCGUACGUGGCUUUGG,...(((((....(((....)))..(((((......))))))))))((((.[[[.)))).....]]]((((...(((..(((((.....))))).(((((((....))).))))))))))),0.65,-4,0.0
227,20640,20760,UUUUACCCAAAAUUACAAUCUAGUCAAGCGUGGCAACCGGGUGUUGCUAUGCCUAAUCUUUACAAAAUGCAAAGAAUGCUAUUAGAAAAGUGUGACCUUCAAAAUUAUGGUGAUAGUGCA,......................(((..((((((((((.....))))))))))[[[.(((((.........)))))(((((........))))))))..(((.........)))]]]....,0.55,-4,0.0
8,800,920,GAGGGGCAUACACUCGCUAUGUCGAUAACAACUUCUGUGGCCCUGAUGGCUACCCUCUUGAGUGCAUUAAAGACCUUCUAGCACGUGCUGGUAAAGCUUCAUGCACUUUGUCCGAACAAC,((((((((((.......))))))((........)).((((((.....))))))))))...(((((((....[[[((((((((....)))))..)))....)))))))..]]]........,0.7083333333333334,-4,0.717948717948718
322,29160,29280,UGAUUACAAACAUUGGCCGCAAAUUGCACAAUUUGCCCCCAGCGCUUCAGCGUUCUUCGGAAUGUCGCGCAUUGGCAUGGAAGUCACACCUUCGGGAACGUGGUUGACCUACACAGGUGC,......((.....))((((((((((....)))))))..[[[((((....((((((....)))))).))))...))).((.......))((....))....]]]...((((....))))..,0.7666666666666667,-4,0.45
236,21160,21280,CUAUAAAGAUAACAGAACAUUCUUGGAAUGCUGAUCUUUAUAAGCUCAUGGGACACUUCGCAUGGUGGACAGCCUUUGUUACUAAUGUGAAUGCGUCAUCAUCUGAAGCAUUUUUAAUUG,.(((((((((..(((..((((.....)))))))))))))))).....(((((((..(((((((((((.(((.....))))))).)))))))[[[))).)))).....]]]..........,0.7833333333333333,-4,0.0
32,3160,3280,UCUGCUGCUCUUCAACCUGAAGAAGAGCAAGAAGAAGAUUGGUUAGAUGAUGAUAGUCAACAAACUGUUGGUCAACAAGACGGCAGUGAGGACAAUCAGACAACUACUAUUCAAACAAUU,(((..((((((((........)))))))))))....((((((((.(((.......))))))..(((((((.((.....)))))))))[[[..)))))((....))....]]]........,0.625,-4,0.0
320,29000,29120,GCCAAACUGUCACUAAGAAAUCUGCUGCUGAGGCUUCUAAGAAGCCUCGGCAAAAACGUACUGCCACUAAAGCAUACAAUGUAACACAAGCUUUCGGCAGACGUGGUCCAGAACAAACCC,.........((.....))..((((.(((((((((((.....)))))))))))...((((.(((((...(((((................))))).)))))))))[[[.))))....]]].,0.7666666666666667,-4,0.4878048780487805
146,13160,13280,GUACACACACUGGUACUGGUCAGGCAAUAACAGUUACACCGGAAGCCAAUAUGGAUCAAGAAUCCUUUGGUGGUGCAUCGUGUUGUCUGUACUGCCGUUGCCACAUAGAUCAUCCAAAUC,((((........))))(((((.((((((.((((...((((....(((((...((((.....)))).)))))))))(.....)[[[.))))......)))))).....)))))..]]]...,0.725,-4,0.0
17,1760,1880,UCAAACAAAUUGUUGAAUCCUGUGGUAAUUUUAAAGUUACAAAAGGAAAAGCUAAAAAAGGUGCCUGGAAUAUUGGUGAACAGAAAUCAAUACUGAGUCCUCUUUAUGCAUUUGCAUCAG,((((........)))).((((...(((((......)))))...))))...(((......)))....(((.(((((((........)))))))[[[..))).....((((....))))]]],0.7916666666666666,-4,0.0
79,7880,8000,AUGUUAUAGUUUUUGAUGGUAAAUCAAAAUGUGAAGAAUCAUCUGCAAAAUCAGCGUCUGUUUACUACAGUCAGCUUAUGUGUCAACCUAUACUGUUACUAGAUCAGGCAUUAGUGUCUG,...(((((..(((((((.....))))))))))))(((....)))(((..[[[(((..((((.....))))...)))...((((......))))))).....]]]((((((....)))))),0.675,-4,0.0
136,12360,12480,GCUUUUCACUAUGCUUAGAAAGUUGGAUAAUGAUGCACUCAACAACAUUAUCAACAAUGCAAGAGAUGGUUGUGUUCCCUUGAACAUAAUACCUCUUACAACAGCAGCCAAACUAAUGGU,.(((((...........)))))((((((((((.............))))))).....[[[(((((...(((((((((....)))))))))..))))).)))..]]]((((......)))),0.7416666666666667,-4,0.0
311,28480,28600,CAAGGCGUUCCAAUUAACACCAAUAGCAGUCCAGAUGACCAAAUUGGCUACUACCGAAGAGCUACCAGACGAAUUCGUGGUGGUGACGGUAAAAUGAAAGAUCUCAGUCCAAGAUGGUAU,...((.[[[))....]]].....((((.(((.....)))(.....))))).(((((....(((((((((.....)).)))))))..)))))...(((......)))..((.....))...,0.6833333333333333,-4,0.0
26,2760,2880,AGUGCAAGGUUACAAGAGUGUGAAUAUCACUUUUGAACUUGAUGAAAGGAUUGAUAAAGUACUUAAUGAGAAGUGCUCUGCCUAUACAGUUGAACUCGGUACAGAAGUAAAUGAGUUCGC,......(((((.((((((((.......)))))))))))))......(((........(((((((......)))))))[[[)))...]]].((((((((.(((....)))..)))))))).,0.7916666666666666,-4,0.0
307,27640,27760,CACCUAAACUGUUCAUCAGACAAGAGGAAGUUCAAGAACUUUACUCUCCAAUUUUUCUUAUUGUUGCGGCAAUAGUGUUUAUAACACUUUGCUUCACACUCAAAAGAAAGACAGAAUGAU,.........((((.....))))((((((((((....)))))).))))....((((((((.(((.((.(((((.(((((.....))))))))))[[[))..))))))))))).....]]].,0.7166666666666667,-4,0.0
121,10760,10880,AGUACAAUUAUGAACCUCUAACACAAGACCAUGUUGACAUACUAGGACCUCUUUCUGCUCAAACUGGAAUUGCCGUUUUAGAUAUGUGUGCUUCAUUAAAAGAAUUACUGCAAAAUGGUA,..................(((((........)))))((((((((((((....((((.........)))).....))))))).))))).(((...(((.....)))[[[[)))....]]]],0.675,-5,0.6666666666666666
155,13880,14000,CACAUACAAUUGUUGUGAUGAUGAUUAUUUCAAUAAAAAGGACUGGUAUGAUUUUGUAGAAAACCCAGAUAUAUUACGCGUAUACGCCAACUUAGGUGAACGUGUACGCCAAGCUUUGUU,((((.((....)))))).....((((((.((.........))[[[[.))))))..((.....))]]]].........(((((((((((......)))....))))))))((.....))..,0.675,-5,0.46875
181,16040,16160,CCCACUUACUAAACAUCCUAAUCAGGAGUAUGCUGAUGUCUUUCAUUUGUACUUACAAUACAUAAGAAAGCUACAUGAUGAGUUAACAGGACACAUGUUAGACAUGUAUUCUGUUAUGCU,...............((((....))))(((.(((....((((.[[[[((((.......)))).)))).))))))..]]]](((((((((((.(((((.....))))).)))))))).))),0.8,-5,0.29411764705882354
276,24280,24400,AAUGGUAUUGGAGUUACACAGAAUGUUCUCUAUGAGAACCAAAAAUUGAUUGCCAACCAAUUUAAUAGUGCUAUUGGCAAAAUUCAAGACUCACUUUCUUCCACAGCAAGUGCACUUGGA,..((((..(((((..(((.....))).)))))[[[[.))))....(((((((((((.................)))))))...))))..]]]]........(((.....)))(.....).,0.7166666666666667,-5,0.10810810810810811
90,8680,8800,AUCAUAGGAUACAAGGCUAUUGAUGGUGGUGUCACUCGUGACAUAGCAUCUACAGAUACUUGUUUUGCUAACAAACAUGCUGAUUUUGACACAUGGUUUAGCCAGCGUGGUGGUAGUUAU,(((....)))((((((((((.....)))((((((....)))))).))(((....))).)))))((((....))))(((((((.....(((.....)))[[[[)))))))......]]]].,0.7166666666666667,-5,0.0
89,8560,8680,GUUAAUAAUUGGUUGAAGCAGUUAAUUAAAGUUACACUUGUGUUCCUUUUUGUUGCUGCUAUUUUCUAUUUAAUAACACCUGUUCAUGUCAUGUCUAAACAUACUGACUUUUCAAGUGAA,.(((((.....)))))((((((....(((((.(((....))).....)))))..))))))..............(((....)))...(((.(((....)))[[[[)))......]]]]..,0.75,-5,0.0
88,8480,8600,CUUUUAAGUUGACAUGUGCAACUACUAGACAAGUUGUUAAUGUUGUAACAACAAAGAUAGCACUUAAGGGUGGUAAAAUUGUUAAUAAUUGGUUGAAGCAGUUAAUUAAAGUUACACUUG,......(((((.......)))))....((((((((((((......)))))))........((((....))))[[[[..))))).....((((((((.....))))))))..]]]].....,0.6333333333333333,-5,0.0
156,14000,14120,AAAAACAGUACAAUUCUGUGAUGCCAUGCGAAAUGCUGGUAUUGUUGGUGUACUGACAUUAGAUAAUCAAGAUCUCAAUGGUAACUGGUAUGAUUUCGGUGAUUUCAUACAAACCACGCC,.....((((.((....))((((((((.((.....))))))))))(((((((....)))).((((.......)))))))[[[[.))))((((((...........))))))..]]]]....,0.75,-5,0.0
83,8240,8360,AUCAAUCUGACAUAGAAGUUACUGGCGAUAGUUGUAAUAACUAUAUGCUCACCUAUAACAAAGUUGAAAACAUGACACCCCGUGACCUUGGUGCUUGUAUUGACUGUAGUGCGCGUCAUA,.....(((.....))).......((((((((((.....)))))).)))).....................((((.[[[[.)))).....]]]].......((((.((.....))))))..,0.6833333333333333,-5,0.575
82,8200,8320,GUAGAAACUAAAGAUGUUGUUGAAUGUCUUAAAUUGUCACAUCAAUCUGACAUAGAAGUUACUGGCGAUAGUUGUAAUAACUAUAUGCUCACCUAUAACAAAGUUGAAAACAUGACACCC,..........((((((((....))))))))....(((((........))))).((..[[[[))((((((((((.....)))))).))))......]]]]...(((........)))....,0.7833333333333333,-5,0.0
171,15160,15280,AAUUAUUGAAAUCAAUAGCCGCCACUAGAGGAGCUACUGUAGUAAUUGGAACAAGCAAAUUCUAUGGUGGUUGGCACAACAUGUUAAAAACUGUUUAUAGUGAUGUAGAAAACCCUCACC,..((((((....))))))..((((...[[[[.((((((((((.((((..........))))))))))))))))))..((((.((.....))))))((((....))))......]]]]...,0.6333333333333333,-5,0.15
80,8000,8120,AUGUUGGUGAUAGUGCGGAAGUUGCAGUUAAAAUGUUUGAUGCUUACGUUAAUACGUUUUCAUCAACUUUUAACGUACCAAUGGAAAAACUCAAAACACUAGUUGCAACUGCAGAAGCUG,.((((((((..[[[[....{{{{{{{(((((((.(((.((((...((((....))))...)))))))))))))).))))))))((.....))....]]]]...}}}}}}}((....))..,0.7416666666666667,-5,0.3783783783783784
197,17240,17360,UGCACGUGCUCGUGUAGAGUGUUUUGAUAAAUUCAAAGUGAAUUCAACAUUAGAACAGUAUGUCUUUUGUACUGUAAAUGCAUUGCCUGAGACGACAGCAGAUAUAGUUGUCUUUGAUGA,..(((.(((((.....))))).(((((.....))))))))..(((..[[[[.)))(((((((.....)))))))..]]]](((((...((((((((..........))))))))))))).,0.65,-5,0.0
233,21000,21120,UGUGCAACUGUACAUACAGCUAAUAAAUGGGAUCUCAUUAUUAGUGAUAUGUACGACCCUAAGACUAAAAAUGUUACAAAAGAAAAUGACUCUAAAGAGGGUUUUUUCACUUACAUUUGU,........((((((((((.(((((((.(((....)))))))))))).))))))))....((((..(((.....)))[[[[.(((((.((((((....))))))))))).))))..]]]].,0.75,-5,0.5405405405405406
169,15080,15200,CAUUAGUGCAAAGAAUAGAGCUCGCACCGUAGCUGGUGUCUCUAUCUGUAGUACUAUGACCAAUAGACAGUUUCAUCAAAAAUUAUUGAAAUCAAUAGCCGCCACUAGAGGAGCUACUGU,..(((((((...((((((((...(((((......)))))))))))((((....((((.....))))))))(((((...........)))))))..[[[[.).))))))....]]]]....,0.7,-5,0.28125
140,12720,12840,GUCUUGUGCUGCCGGUACUACACAAACUGCUUGCACUGAUGACAAUGCGUUAGCUUACUACAACACAACAAAGGGAGGUAGGUUUGUACUUGCACUGUUAUCCGAUUUACAGGAUUUGAA,.....((((.....))))...((((((....[[[[((((((......))))))....((((................))))))))))...]]]].....((((........)))).....,0.725,-5,0.0
280,24800,24920,CCAUUUGUCAUGAUGGAAAAGCACACUUUCCUCGUGAAGGUGUCUUUGUUUCAAAUGGCACACACUGGUUUGUAACACAAAGGAAUUUUUAUGAACCACAAAUCAUUACUACAGACAACA,(((((((((((((.(((((.......)))))))))))..[[[[........)))))))...]]]]((((((((((.............))))))))))......................,0.675,-5,0.16666666666666666
166,14760,14880,UUCUUUGCUCAGGAUGGUAAUGCUGCUAUCAGCGAUUAUGACUACUAUCGUUAUAAUCUACCAACAAUGUGUGAUAUCAGACAACUACUAUUUGUAGUUGAAGUUGUUGAUAAGUACUUU,.((((.....))))(((((..((((....))))(((((((((.......)))))))))))))).((.....)).((((((.(((((((.....)))))))[[[[..))))))...]]]].,0.775,-5,0.0
107,9840,9960,GUUGCGUAGUGAUGUGCUAUUACCUCUUACGCAAUAUAAUAGAUACUUAGCUCUUUAUAAUAAGUACAAGUAUUUUAGUGGAGCAAUGGAUACAACUAGCUACAGAGAAGCUGCUUGUUG,(((((((((((((.....)))))....))))))))........((((((...........))))))...((((((.....[[[[...))))))....((((.......))))]]]]....,0.675,-5,0.5526315789473685
147,13240,13360,UGUUGUCUGUACUGCCGUUGCCACAUAGAUCAUCCAAAUCCUAAAGGAUUUUGUGACUUAAAAGGUAAGUAUGUACAAAUACCUACAACUUGUGCUAAUGACCCUGUGGGUUUUACACUU,....(((((....((....))[[[[))))).....((((((....))))))]]]](((((.....)))))..((((((...........))))))....((((.....))))........,0.7083333333333334,-5,0.41025641025641024
244,21760,21880,GCUAUACAUGUCUCUGGGACCAAUGGUACUAAGAGGUUUGAUAACCCUGUCCUACCAUUUAAUGAUGGUGUUUAUUUUGCUUCCACUGAGAAGUCUAACAUAAUAAGAGGCUGGAUUUUU,(((((.((......))[[[[..)))))....((.((((....))))))]]]](((((((....))))))).........(((.....))).(((((...........)))))........,0.6833333333333333,-5,0.0
261,22760,22880,UUGUAAUUAGAGGUGAUGAAGUCAGACAAAUCGCUCCAGGGCAAACUGGAAAGAUUGCUGAUUAUAAUUAUAAAUUACCAGAUGAUUUUACAGGCUGCGUUAUAGCUUGGAAUUCUAACA,((((((((((..(((((............)))))(((((......)))))..[[[[.)))))))))).....]]]]..............(((((((.....)))))))...........,0.6,-5,0.0
257,22600,22720,UUUGCAUCUGUUUAUGCUUGGAACAGGAAGAGAAUCAGCAACUGUGUUGCUGAUUAUUCUGUCCUAUAUAAUUCCGCAUCAUUUUCCACUUUUAAGUGUUAUGGAGUGUCUCCUACUAAA,...((((......)))).(((((.(((((((((((((((((.....))))))))).)))).))))..[[[[)))))..........((((....))))]]]](((.....))).......,0.6833333333333333,-5,0.36363636363636365
213,18800,18920,AAGCAACCAUGAUCUGUAUUGUCAAGUCCAUGGUAAUGCACAUGUAGCUAGUUGUGAUGCAAUCAUGACUAGGUGUCUAGCUGUCCACGAGUGCUUUGUUAAGCGUGUUGACUGGACUAU,..(((((((((.................))))))..)))((((((..((((((((((.....))))))))))((.....)).[[[[((((.....))))...)))))).....]]]]...,0.7666666666666667,-5,1.0
119,10520,10640,GUGUCUCUUUUUGUUACAUGCACCAUAUGGAAUUACCAACUGGAGUUCAUGCUGGCACAGACUUAGAAGGUAACUUUUAUGGACCUUUUGUUGACAGGCAAACAGCACAAGCAGCUGGUA,(((((...........((((.....))))(((((.((....))))))).[[[[))))).(((..(((((((...........))))))))))....]]]]..((((.......))))...,0.6333333333333333,-5,0.6363636363636364
240,21440,21560,UUUAAAAGAAGGUCAAAUCAAUGAUAUGAUUUUAUCUCUUCUUAGUAAAGGUAGACUUAUAAUUAGAGAAAACAACAGAGUUGUUAUUUCUAGUGAUGUUCUUGUUAACAACUAAACGAA,.....(((((((..((((((......))))))[[[[)))))))(((........)))....((((((((.(((((.....))))).))))))))]]]]...(((((........))))).,0.7166666666666667,-5,0.0
120,10600,10720,GGACCUUUUGUUGACAGGCAAACAGCACAAGCAGCUGGUACGGACACAACUAUUACAGUUAAUGUUUUAGCUUGGUUGUACGCUGCUGUUAUAAAUGGAGACAGGUGGUUUCUCAAUCGA,......((((((....))))))((((...[[[[))))((....))(((((((....((((((....)))))))))))))....]]]].........((((((.....)))))).......,0.6666666666666666,-5,0.0
132,11920,12040,AAAUUGUGGGCUCAAUGUGUCCAGUUACACAAUGACAUUCUCUUAGCUAAAGAUACUACUGAAGCCUUUGAAAAAAUGGUUUCACUACUUUCUGUUUUGCUUUCCAUGCAGGGUGCUGUA,......(((((.......)))))((((.....))))....((((.....))))......((((((((((....))).)))))))...................((..[[[[))..]]]].,0.7333333333333333,-5,0.0
164,14640,14760,CUUACUAACAAUGUUGCUUUUCAAACUGUCAAACCCGGUAAUUUUAACAAAGACUUCUAUGACUUUGCUGUGUCUAAGGGUUUCUUUAAGGAAGGAAGUUCUGUUGAAUUAAAACACUUC,............((((((..................))))))(((((((..(((((((....(((((..[[[[.)))))..((((....))))))))))).))))))).....]]]]...,0.6416666666666667,-5,0.0
282,24880,25000,AGGAAUUUUUAUGAACCACAAAUCAUUACUACAGACAACACAUUUGUGUCUGGUAACUGUGAUGUUGUAAUAGGAAUUGUCAACAACACAGUUUAUGAUCCUUUGCAACCUGAAUUAGAC,.((.......[[[[.)).....]]]].....((((((.........))))))..(((((((...............(((....))))))))))................((.....))..,0.6333333333333333,-5,0.3125
200,17400,17520,GCCAGAUUACGUGCUAAGCACUAUGUGUACAUUGGCGACCCUGCUCAAUUACCUGCACCACGCACAUUGCUAACUAAGGGCACACUAGAACCAGAAUAUUUCAAUUCAGUGUGUAGACUU,(((.......).))..((((..(((.(((.((((((..[[[[)).))))))).(((.....)))))))))).....]]]]((((((.(((..............))))))))).......,0.7833333333333333,-5,0.0
52,4720,4840,UAUAAUGGUUAUCUUACUUCUUCUUCUAAAACACCUGAAGAACAUUUUAUUGAAACCAUCUCACUUGCUGGUUCCUAUAAAGAUUGGUCCUAUUCUGGACAAUCUACACAACUAGGUAUA,......(((......)))..((((((..........)))))).......(((.(((((..........)))))[[[[)))((((((.(((......))))))))).......]]]]....,0.7833333333333333,-5,0.0
51,4640,4760,UGGAAGAAGCUGCUCGGUAUAUGAGAUCUCUCAAAGUGCCAGCUACAGUUUCUGUUUCUUCACCUGAUGCUGUUACAGCGUAUAAUGGUUAUCUUACUUCUUCUUCUAAAACACCUGAAG,..((((((((((((((.....))))......(.[[[[).)))))(((.....))).)))))(((..(((((.....))))).....)))......]]]]((((.............)))),0.7416666666666667,-5,0.0
202,17760,17880,GCUGUCUUUAUUUCACCUUAUAAUUCACAGAAUGCUGUAGCCUCAAAGAUUUUGGGACUACCAACUCAAACUGUUGAUUCAUCACAGGGCUCAGAAUAUGACUAUGUCAUAUUCACUCAA,...(((((((((.........)))..((((....))))[[[[..)))))).((((.....))))......((((.((....))))))]]]]..((((((((.....))))))))......,0.6333333333333333,-5,0.0
299,26640,26760,CCAACAGGAAUAGGUUUUUGUAUAUAAUUAAGUUAAUUUUCCUCUGGCUGUUAUGGCCAGUAACUUUAGCUUGUUUUGUGCUUGCUGCUGUUUACAGAAUAAAUUGGAUCACCGGUGGAA,...(((((((....)))))))........((((((...[[[[.((((((.....))))))))))))....((((((((((............))))))))))(((((....)))))]]]],0.6666666666666666,-5,0.0
285,25080,25200,UGCUUCAGUUGUAAACAUUCAAAAAGAAAUUGACCGCCUCAAUGAGGUUGCCAAGAAUUUAAAUGAAUCUCUCAUCGAUCUCCAAGAACUUGGAAAGUAUGAGCAGUAUAUAAAAUGGCC,(((((..((((((((..(((...((....))((((..........))))[[[[.))))))).((((.....)))))))).(((((....)))))......)))))..........]]]].,0.6833333333333333,-5,0.0
302,26760,26880,UUGCUAUCGCAAUGGCUUGUCUUGUAGGCUUGAUGUGGCUCAGCUACUUCAUUGCUUCUUUCAGACUGUUUGCGCGUACGCGUUCCAUGUGGUCAUUCAAUCCAGAAACUAACAUUCUUC,((((....)))).((((((.....)))))).((.[[[[.))(((.........))).....(((.....)))(((....)))..]]]].((((..(((......))))))).........,0.675,-5,0.6857142857142857
41,4080,4200,UGACAUUGACAUCACUUUCUUAAAGAAAGAUGCUCCAUAUAUAGUGGGUGAUGUUGUUCAAGAGGGUGUUUUAACUGCUGUGGUUAUACCUACUAAAAAGGCUGGUGGCACUACUGAAAU,.......((((((((..((((.....))))....((((.....))))))))))))........(((((...(((((.....)))))))))).((....))((.[[[[))..]]]].....,0.675,-5,0.0
36,3600,3720,ACACUGUCUUCAUGUUGUCGGCCCAAAUGUUAACAAAGGUGAAGACAUUCAACUUCUUAAGAGUGCUUAUGAAAAUUUUAAUCAGCACGAAGUUCUACUUGCACCAUUAUUAUCAGCUGG,....(((((((((((((.............)))))....))))))))...((((((.[[[[.(((((................)))))))))))...]]]]..(((...........))),0.6333333333333333,-5,0.0
59,5520,5640,UAAAACUUGUGGACAACAGCAGACAACCCUUAAGGGUGUAGAAGCUGUUAUGUACAUGGGCACACUUUCUUAUGAACAAUUUAAGAAAGGUGUUCAGAUACCUUGUACGUGUGGUAAACA,..............((((((..(((.(((....))))))....))))))((((((((((((((.((((((((.........)))))))))))))))..[[[[.)))))))..]]]]....,0.7333333333333333,-5,0.3225806451612903
314,28680,28800,GGGAGCCUUGAAUACACCAAAAGAUCACAUUGGCACCCGCAAUCCUGCUAACAAUGCUGCAAUCGUGCUACAACUUCCUCAAGGAACAACAUUGCCAAAAGGCUUCUACGCAGAAGGGAG,(((.(((.(((.............)))[[[[))).)))(((....)))....]]]]..(((....)))......((((....)))).......(((....)))((((.........)))),0.7416666666666667,-5,0.2
20,2200,2320,UGGGAAAUUGUUAAAUUUAUCUCAACCUGUGCUUGUGAAAUUGUCGGUGGACAAAUUGUCACCUGUGCAAAGGAAAUUAAGGAGAGUGUUCAGACAUUCUUUAAGCUUGUAAAUAAAUUU,(((((((((....))))..)))))(((...[[[[..((.....))))).(((.....))).(((......))).......(((((((((....)))))))))]]]]..............,0.7,-5,0.0
198,17280,17400,AAUUCAACAUUAGAACAGUAUGUCUUUUGUACUGUAAAUGCAUUGCCUGAGACGACAGCAGAUAUAGUUGUCUUUGAUGAAAUUUCAAUGGCCACAAAUUAUGAUUUGAGUGUUGUCAAU,..(((..[[[[.)))(((((((.....)))))))..]]]]....(((.((((((((..........))))))))...............)))((.......)).................,0.7333333333333333,-5,0.0
11,1240,1360,UGUGGUGAAACUUCAUGGCAGACGGGCGAUUUUGUUAAAGCCACUUGCGAAUUUUGUGGCACUGAGAAUUUGACUAAAGAAGGUGCCACUACUUGUGGUUACUUACCCCAAAAUGCUGUU,(((.((((....)))).[[[[)))(((............)))..]]]].......((((((((..................)))))))).......(((.....))).((......))..,0.775,-5,0.0
6,560,680,GUAGUGGUGAGACACUUGGUGUCCUUGUCCCUCAUGUGGGCGAAAUACCAGUGGCUUACCGCAAGGUUCUUCUUCGUAAGAACGGUAAUAAAGGAGCUGGUGGCCAUAGUUACGGCGCCG,...((((((((.((((.(((((..((((((.......)))))).))))))))).))))))))..(((((((.(((....)))[[[[.....)))))))....(((........)))]]]],0.75,-5,0.2564102564102564
5,520,640,GUUGAGCUGGUAGCAGAACUCGAAGGCAUUCAGUACGGUCGUAGUGGUGAGACACUUGGUGUCCUUGUCCCUCAUGUGGGCGAAAUACCAGUGGCUUACCGCAAGGUUCUUCUUCGUAAG,.....((.....))((((((.(((....)))..(((....)))((((((((.((((.(((((......(((......)))[[[[))))))))).))))))))..))))))..]]]]....,0.725,-5,0.0
194,16920,17040,UCACAUACAGUAAUGCCAUUAAGUGCACCUACACUAGUGCCACAAGAGCACUAUGUUAGAAUUACUGGCUUAUACCCAACACUCAAUAUCUCAGAUGAGUUUUCUAGCAAUGUUGCAAAU,.......((....)).((.....)).........((((((.......))))))((((((((.....((......))[[[[(((((..........))))).))))))))..]]]].....,0.675,-5,0.52
296,26320,26440,UCUUGCUAGUUACACUAGCCAUCCUUACUGCGCUUCGAUUGUGUGCGUACUGCUGCAAUAUUGUUAACGUGAGUCUUGUAAAACCUUCUUUUUACGUUUACUCUCGUGUUAAAAAUCUGA,....(((((.....)))))((.......))(((..[[[[.)))((((......))))..]]]]((((((((((...(((((((......)))))))......))))))))))........,0.7166666666666667,-5,0.5714285714285714
81,8040,8160,UGCUUACGUUAAUACGUUUUCAUCAACUUUUAACGUACCAAUGGAAAAACUCAAAACACUAGUUGCAACUGCAGAAGCUGAACUUGCAAAGAAUGUGUCCUUAGACAAUGUCUUAUCUAC,(((.((((((((.................))))))))....[[[[..((((.........)))))))..(((((.........)))))((((...((((....))))...)))).]]]].,0.625,-5,0.0
69,6800,6920,UGUGUACUUUUACUAGAAGUACAAAUUCUAGAAUUAAAGCAUCUAUGCCGACUACUAUAGCAAAGAAUACUGUUAAGAGUGUCGGUAAAUUUUGUCUAGAGGCUUCAUUUAAUUAUUUGA,..((((((((.....)))))))).....((((....[[[[.))))(((((((.(((.(((((........)))))..))))))))))...(((.....)))]]]]...............,0.5833333333333334,-5,0.0
75,7360,7480,UGGUUAAUAAUUAAUCUUGUACAAAUGGCCCCGAUUUCAGCUAUGGUUAGAAUGUACAUCUUCUUUGCAUCAUUUUAUUAUGUAUGGAAAAGUUAUGUGCAUGUUGUAGACGGUUGUAAU,.(((((.....))))).((((((.(((((..........)))))....[[[[))))))..]]]](((((..(((((((((((((((.........))))))))..)))))..))))))).,0.6583333333333333,-5,0.0
65,6080,6200,AUGAUUUAAACCAGUUAACUGGUUAUAAGAAACCUGCUUCAAGAGAGCUUAAAGUUACAUUUUUCCCUGACUUAAAUGGUGAUGUGGUGGCUAUUGAUUAUAAACACUACACACCCUCUU,........((((((....)))))).((((....((......))[[[[))))((((((..........))))))....((((.(((((((...............)))))))))))]]]].,0.7083333333333334,-5,0.0
68,6680,6800,CUAAUUAUGCUAAGCCUUUUCUUAACAAAGUUGUUAGUACAACUACUAACAUAGUUACACGGUGUUUAAACCGUGUUUGUACUAAUUAUAUGCCUUAUUUCUUUACUUUAUUGCUACAAU,..........((((.[[[[.))))..]]]]..(((((((((((((......)))).(((((((......))))))).)))))))))..................................,0.65,-5,0.25806451612903225
288,25400,25520,GUUUAUGAGAAUCUUCACAAUUGGAACUGUAACUUUGAAGCAAGGUGAAAUCAAGGAUGCUACUCCUUCAGAUUUUGUUCGCGCUACUGCAACGAUACCGAUACAAGCCUCACUCCCUUU,.....((((....))))..(((((...(((.........)))[[[[..(((((((((......)))))..))))(((((.((......)))))))..)))))....]]]]..........,0.7,-5,0.8484848484848485
99,9120,9240,ACGUUAUGUGCUCAUGGAUGGCUCUAUUAUUCAAUUUCCUAACACCUACCUUGAAGGUUCUGUUAGAGUGGUAACAACUUUUGAUUCUGAGUACUGUAGGCACGGCACUUGUGAAAGAUC,((.....))((((((((((((.....)))))))...........[[[[[.((((((((..(((((......)))))))))))))...)))))...]]]]]((((.....)))).......,0.65,-6,0.6486486486486487
238,21240,21360,ACUAAUGUGAAUGCGUCAUCAUCUGAAGCAUUUUUAAUUGGAUGUAAUUAUCUUGGCAAACCACGCGAACAAAUAGAUGGUUAUGUCAUGCAUGCAAAUUACAUAUUUUGGAGGAAUACA,....((((((.(((((((.....))).((((.[[[[[...(((((((((((((((((.......))...))...))))))))))))))))).))))..))))))...]]]]]........,0.6666666666666666,-6,0.0
34,3280,3400,GUUGAGGUUCAACCUCAAUUAGAGAUGGAACUUACACCAGUUGUUCAGACUAUUGAAGUGAAUAGUUUUAGUGGUUAUUUAAAACUUACUGACAAUGUAUACAUUAAAAAUGCAGACAUU,(((((((.....)))))))....((((((((...........)))).(((((((......)))))))(((((((((......))).))))))...[[[[[.))))....]]]]]......,0.6083333333333333,-6,0.0
308,27840,27960,GGUUCUCACUUGAACUGCAAGAUCAUAAUGAAACUUGUCACGCCUAAACGAACAUGAAAUUUCUUGUUUUCUUAGGAAUCAUCACAACUGUAGCUGCAUUUCACCAAGAAUGUAGUUUAC,(((((......)))))((((((((((..(((......)))(([[[[[.))...))))....))))))....]]]]].......((....))((((((((((......))))))))))...,0.7416666666666667,-6,0.19230769230769232
246,21960,22080,UCAAUUUUGUAAUGAUCCAUUUUUGGGUGUUUAUUACCACAAAAACAACAAAAGUUGGAUGGAAAGUGAGUUCAGAGUUUAUUCUAGUGCGAAUAAUUGCACUUUUGAAUAUGUCUCUCA,....((((((....[[[[[((((((((((.....)))).))))))..))))))..]]]]].(((......)))((((..(((((.(((((((....)))))))...)))))...))))..,0.6916666666666667,-6,0.0
28,2880,3000,CUGUGUUGUGGCAGAUGCUGUCAUAAAAACUUUGCAACCAGUAUCUGAAUUACUUACACCACUGGGCAUUGAUUUAGAUGAGUGGAGUAUGGCUACAUACUACUUAUUUGAUGAGUCUGG,..((((((((((((((((((..................)))))))))....[[[[[..))))..)))))....((((((((((..((((((....))))))))))))))))]]]]]....,0.6833333333333333,-6,0.0
312,28520,28640,AAAUUGGCUACUACCGAAGAGCUACCAGACGAAUUCGUGGUGGUGACGGUAAAAUGAAAGAUCUCAGUCCAAGAUGGUAUUUCUACUACCUAGGAACUGGGCCAGAAGCUGGACUUCCCU,...((((((..(((((....(((((((((.....)).)))))))..)))))...(((......)))[[[[[...((((..(((((.....)))))))))))))))....]]]]]......,0.6583333333333333,-6,0.3333333333333333
137,12480,12600,UGUCAUACCAGACUAUAACACAUAUAAAAAUACGUGUGAUGGUACAACAUUUACUUAUGCAUCAGCAUUGUGGGAAAUCCAACAGGUUGUAGAUGCAGAUAGUAAAAUUGUUCAACUUAG,.(((.[[[[[)))....((((............))))..]]]]].((((((((((..(((((((((.((((((.....)).)))))))...))))))...))))))..))))........,0.8166666666666667,-6,0.5882352941176471
191,16760,16880,ACUUAACCGAAAUUAUGUCUUUACUGGUUAUCGUGUAACUAAAAACAGUAAAGUACAAAUAGGAGAGUACACCUUUGAAAAAGGUGACUAUGGUGAUGCUGUUGUUUACCGAGGUACAAC,...............(((((((((((...................)))))))).)))........(((.((((((.....))))))))).((((((....[[[[[))))))....]]]]],0.8416666666666667,-6,0.0
183,16120,16240,AGUUAACAGGACACAUGUUAGACAUGUAUUCUGUUAUGCUUACUAAUGAUAACACUUCAAGGUAUUGGGAACCUGAGUUUUAUGAGGCUAUGUACACACCGCAUACAGUCUUACAGGCUG,...((((((((.(((((.....))))).)))))))).((((.....((....))[[[[[((((.......))))))))....]]]]].(((((.......)))))(((((.....))))),0.7666666666666667,-6,0.0
167,14960,15080,UAAAUGGGGUAAGGCUAGACUUUAUUAUGAUUCAAUGAGUUAUGAGGAUCAAGAUGCACUUUUCGCAUAUACAAAACGUAAUGUCAUCCCUACUAUAACUCAAAUGAAUCUUAAGUAUGC,..((((((((........))))))))..((((((.((((((((((((.....((((((......[[[[[(((.....))).)).)))))))..)))))))))..)))))).....]]]]],0.75,-6,0.0
16,1680,1800,GAUCGCCAUUAUUUUGGCAUCUUUUUCUGCUUCCACAAGUGCUUUUGUGGAAACUGUGAAAGGUUUGGAUUAUAAAGCAUUCAAACAAAUUGUUGAAUCCUGUGGUAAUUUUAAAGUUAC,(((.((((......)))))))......((((((((((((....)))))))(((((......)))))[[[[[...)))))..((..(((....)))]]]]]..))(((((......))))),0.725,-6,0.0
85,8320,8440,CGUGACCUUGGUGCUUGUAUUGACUGUAGUGCGCGUCAUAUUAAUGCGCAGGUAGCAAAAAGUCACAACAUUGCUUUGAUAUGGAACGUUAAAGAUUUCAUGUCAUUGUCUGAACAACUA,.(((((((((((..........)))).))(((((((.......)))))))...[[[[[...)))))....]]]]].(((((((((((......).))))))))))((((....))))...,0.8166666666666667,-6,0.0
71,7080,7200,CUCUACUAAUGUCACUAUUGCAACCUACUGUACUGGUUCUAUACCUUGUAGUGUUUGUCUUAGUGGUUUAGAUUCUUUAGACACCUAUCCUUCUUUAGAAACUAUACAAAUUACCAUUUC,...((((((...((((((((((......))))..(((.....)))..))))))[[[[[.))))))((((((.....))))))..(((........))).......]]]]]..........,0.6583333333333333,-6,0.0
13,1360,1480,GUUAAAAUUUAUUGUCCAGCAUGUCACAAUUCAGAAGUAGGACCUGAGCAUAGUCUUGCCGAAUACCAUAAUGAAUCUGGCUUGAAAACCAUUCUUCGUAAGGGUGGUCGCACUAUUGCC,..........(((((..........)))))((((....[[[[[)))).....]]]]]((((................))))......((((((((.....)))))))).(((....))).,0.7666666666666667,-6,0.4
12,1320,1440,AGGUGCCACUACUUGUGGUUACUUACCCCAAAAUGCUGUUGUUAAAAUUUAUUGUCCAGCAUGUCACAAUUCAGAAGUAGGACCUGAGCAUAGUCUUGCCGAAUACCAUAAUGAAUCUGG,(((((((((.....)))).)))))........((((((((.....))...[[[[[.))))))...]]]]]((((.........))))..................(((.........))),0.6833333333333333,-6,0.0
9,1000,1120,GAAAAGAGCUAUGAAUUGCAGACACCUUUUGAAAUUAAAUUGGCAAAGAAAUUUGACACCUUCAAUGGGGAAUGUCCAAAUUUUGUAUUUCCCUUAAAUUCCAUAAUCAAGACUAUUCAA,.......((..[[[[[.)).(....)((((((..(((...(((((((....))))((((((.....)))((((......)))))))((((.....)))).))))))))))))..]]]]].,0.575,-6,0.0
7,640,760,AACGGUAAUAAAGGAGCUGGUGGCCAUAGUUACGGCGCCGAUCUAAAGUCAUUUGACUUAGGCGACGAGCUUGGCACUGAUCCUUAUGAAGAUUUUCAAGAAAACUGGAACACUAAACAU,..((((....[[[[[))))((((((........))).((......(((((....)))))((((.....)))))))))...]]]]].((((....))))......................,0.65,-6,0.0
153,13600,13720,GUCGCUUCCAAGAAAAGGACGAAGAUGACAAUUUAAUUGAUUCUUACUUUGUAGUUAAGAGACACACUUUCUCUAACUACCAACAUGAAGAAACAAUUUAUAAUUUACUUAAGGAUUGUC,((((((((............)))).)))).......(((.[[[[[.....(((((((.((((.......))))))))))))))....]]]]](((((((.............))))))).,0.8083333333333333,-6,0.25
154,13640,13760,UUCUUACUUUGUAGUUAAGAGACACACUUUCUCUAACUACCAACAUGAAGAAACAAUUUAUAAUUUACUUAAGGAUUGUCCAGCUGUUGCUAAACAUGACUUCUUUAAGUUUAGAAUAGA,(((((.(...(((((((.((((.......)))))))))))[[[[[.))))))(((((((.............))))))).....]]]]]((((((.............))))))......,0.6666666666666666,-6,0.0
287,25320,25440,CUGCAAAUUUGAUGAAGACGACUCUGAGCCAGUGCUCAAAGGAGUCAAAUUACAUUACACAUAAACGAACUUAUGGAUUUGUUUAUGAGAAUCUUCACAAUUGGAACUGUAACUUUGAAG,...(((..(((.((((((.((((((((((....))))...))))))........[[[[[((((((((((........))))))))))....))))))))))))....]]]]]........,0.7083333333333334,-6,0.0
286,25120,25240,AAUGAGGUUGCCAAGAAUUUAAAUGAAUCUCUCAUCGAUCUCCAAGAACUUGGAAAGUAUGAGCAGUAUAUAAAAUGGCCAUGGUACAUUUGGCUAGGUUUUAUAGCUGGCUUGAUUGCC,.....(((((...(((.(((....))))))[[[[[)))))(((((....)))))....]]]]]((((.(((((((((((((.........)))))..))))))))))))((......)).,0.7333333333333333,-6,0.825
158,14160,14280,UUAAUGCCUAUAUUAACCUUGACCAGGGCUUUAACUGCAGAGUCACAUGUUGACACUGACUUAACAAAGCCUUACAUUAAGUGGGAUUUGUUAAAAUAUGACUUCACGGAAGAGAGGUUA,.....((((................)))).......((.((((((...........))))))[[[[[.))(((((.....)))))..]]]]].......((((((.(....).)))))).,0.7166666666666667,-6,0.0
223,20400,20520,UCACCUUUUGAAUUAGAAGAUUUUAUUCCUAUGGACAGUACAGUUAAAAACUAUUUCAUAACAGAUGCGCAAACAGGUUCAUCUAAGUGUGUGUGUUCUGUUAUUGAUUUAUUACUUGAU,....(((((.....)))))..............(((......)))..........((((((((((((((((..[[[[[.(((....))))))))).))))))).)))......]]]]]..,0.15833333333333333,-6,0.23076923076923078
160,14280,14400,AAACUCUUUGACCGUUAUUUUAAAUAUUGGGAUCAGACAUACCACCCAAAUUGUGUUAACUGUUUGGAUGACAGAUGCAUUCUGCAUUGUGCAAACUUUAAUGUUUUAUUCUCUACAGUG,.(((.........)))..........(((((....[[[[[....)))))...]]]]]..(((((.....)))))((((.....)))).....((((......))))..............,0.5833333333333334,-6,0.0
63,5920,6040,GGUGUUGUUUGUACAGAAAUUGACCCUAAGUUGGACAAUUAUUAUAAGAAAGACAAUUCUUAUUUCACAGAGCAACCAAUUGAUCUUGUACCAAACCAACCAUAUCCAAACGCAAGCUUC,((((((((((((...(((((((.......[[[[[.))))....(((((((......))))))))))))))).))))(((......))).)))...]]]]]..........(....)....,0.5583333333333333,-6,0.0
131,11800,11920,GGUGUUGGUGGCAAACCUUGUAUCAAAGUAGCCACUGUACAGUCUAAAAUGUCAGAUGUAAAGUGCACAUCAGUAGUCUUACUCUCAGUUUUGCAACAACUCAGAGUAGAAUCAUCAUCU,...(((.[[[[[.)))(((......)))..]]]]]((.(((........)))))(((((.......)))))........((((((.((((.......)))).))))))((....))....,0.7,-6,0.0
216,19040,19160,CCCUAAAGCUAUUAAGUGUGUACCUCAAGCUGAUGUAGAAUGGAAGUUCUAUGAUGCACAGCCUUGUAGUGACAAAGCUUAUAAAAUAGAAGAAUUAUUCUAUUCUUAUGCCACACAUUC,......((((.....[[[[[.......))))...(((((((....)))))))...((..(((.((((....)))).))).(((((((((((......))))))).))))))]]]]]....,0.6916666666666667,-6,0.0
96,9000,9120,UUGUGUUUUGGCUGCUGAAUGUACAAUUUUUAAAGAUGCUUCUGGUAAGCCAGUACCAUAUUGUUAUGAUACCAAUGUACUAGAAGGUUCUGUUGCUUAUGAAAGUUUACGCCCUGACAC,........(((.(((((...[[[[[(((......)))((((.....))))))))))))((((.....))))....]]]]]((((....))))..((((....))))..............,0.7083333333333334,-6,0.0
62,5880,6000,UUACACAACAACCAUAAAACCAGUUACUUAUAAAUUGGAUGGUGUUGUUUGUACAGAAAUUGACCCUAAGUUGGACAAUUAUUAUAAGAAAGACAAUUCUUAUUUCACAGAGCAACCAAU,....((((((.((((....((((((.......))))))))))))))))((((...(((((((.......[[[[[.))))....(((((((......)))))))))))))).....]]]]],0.6416666666666667,-6,0.30303030303030304
179,15960,16080,GGCUGUUUUGUAGAUGAUAUCGUAAAAACAGAUGGUACACUUAUGAUUGAACGGUUCGUGUCUUUAGCUAUAGAUGCUUACCCACUUACUAAACAUCCUAAUCAGGAGUAUGCUGAUGUC,(((((((((((((.((.((((((........)))))))).)))))...)))))))).((((((........)))))).........((((..[[[[[((.....))))))....]]]]].,0.575,-6,0.2
103,9600,9720,GACAUUUUAUCUUACUAAUGAUGUUUCUUUUUUAGCACAUAUUCAGUGGAUGGUUAUGUUCACACCUUUAGUACCUUUCUGGAUAACAAUUGCUUAUAUCAUUUGUAUUUCCACAAAGCA,((((((.............))))))....................(((((((....)))))))..................((((.....[[[[[.))))...(((......)))]]]]],0.6,-6,0.5714285714285714
61,5680,5800,AUGAUGUCAGCACCACCUGCUCAGUAUGAACUUAAGCAUGGUACAUUUACUUGUGCUAGUGAGUACACUGGUAAUUACCAGUGUGGUCACUAUAAACAUAUAACUUCUAAAGAAACUUUG,..(((((.[[[[[.(((((((.............)))).)))))))).....]]]]](((((.(((((((((....))))))))).))))).............(((....)))......,0.7833333333333333,-6,0.0
105,9680,9800,GGAUAACAAUUGCUUAUAUCAUUUGUAUUUCCACAAAGCAUUUCUAUUGGUUCUUUAGUAAUUACCUAAAGAGACGUGUAGUCUUUAAUGGUGUUUCCUUUAGUACUUUUGAAGAAGCUG,.((((.....[[[[[.))))...(((......)))]]]]]...(((((((.(((((((.......)))))))(((.....))).))))))).(((((.(((((.....))))))))))..,0.6083333333333333,-6,0.1
58,5360,5480,AUUACAGAGCAAGGGCUGGUGAAGCUGCUAACUUUUGUGCACUUAUCUUAGCCUACUGUAAUAAGACAGUAGGUGAGUUAGGUGAUGUUAGAGAAACAAUGAGUUACUUGUUUCAACAUG,..(((((((....((((.....)))).[[[[[)))))))((((((.((((.((((((((......)))))))))))).))))))..]]]]].(((((((........)))))))......,0.6833333333333333,-6,0.0
266,23440,23560,GAUCAACUUACUCCUACUUGGCGUGUUUAUUCUACAGGUUCUAAUGUUUUUCAAACACGUGCAGGCUGUUUAAUAGGGGCUGAACAUGUCAACAACUCAUAUGAGUGUGACAUACCCAUU,..........((((((((((((((((((........................)))))))).)))).[[[[[..))))))..]]]]](((((...((((....)))).)))))........,0.7833333333333333,-6,0.48484848484848486
57,5280,5400,CAACUGUUAUCUUGCCACUGCAUUGUUAACACUCCAACAAAUAGAGUUGAAGUUUAAUCCACCUGCUCUACAAGAUGCUUAUUACAGAGCAAGGGCUGGUGAAGCUGCUAACUUUUGUGC,....((((....(((....)))[[[[[))))....]]]]]..(((((((.(((((....((((.(((((......(((((......)))))))))).)))))))))..))))))).....,0.7666666666666667,-6,0.3142857142857143
293,25920,26040,AGUCCUAUUUCUGAACAUGACUACCAGAUUGGUGGUUAUACUGAAAAAUGGGAAUCUGGAGUAAAAGACUGUGUUGUAUUACACAGUUACUUCACUUCAGACUAUUACCAGCUGUACUCA,..((((((((......(((((((((.....))))))))).[[[[[))))))))...(((((((....(((((((......)))))))))))))).]]]]].....(((.....)))....,0.7916666666666666,-6,0.0
54,5080,5200,AAAAUAAAACCUCAUAAUUCACAUGAAGGUAAAACAUUUUAUGUUUUACCUAAUGAUGACACUCUACGUGUUGAGGCUUUUGAGUACUACCACACAACUGAUCCUAGUUUUCUGGGUAGG,.........((((...[[[[[(((..((((((((((.....)))))))))).)))..(((((.....)))))))))....]]]]].(((((.((.(((((....)))))...))))))).,0.825,-6,0.0
204,17960,18080,AAUGUCUGAUAGAGACCUUUAUGACAAGUUGCAAUUUACAAGUCUUGAAAUUCCACGUAGGAAUGUGGCAACUUUACAAGCUGAAAAUGUAACAGGACUCUUUAAAGAUUGUAGUAAGGU,...((((.....))))(((......)))..(((((((...(((((((..(((((.....)))))((....)).(((((.........))))))))))))[[[[[.)))))))..]]]]].,0.7083333333333334,-6,0.0
97,9040,9160,UCUGGUAAGCCAGUACCAUAUUGUUAUGAUACCAAUGUACUAGAAGGUUCUGUUGCUUAUGAAAGUUUACGCCCUGACACACGUUAUGUGCUCAUGGAUGGCUCUAUUAUUCAAUUUCCU,..(((((....[[[[[((((....)))).)))))..]]]]]...((((......))))((....))....(((.(((((((.....)))).))).....)))..................,0.75,-6,0.0
116,10400,10520,CUUGUUACAAUGGUUCACCAUCUGGUGUUUACCAAUGUGCUAUGAGGCCCAAUUUCACUAUUAAGGGUUCAUUCCUUAAUGGUUCAUGUGGUAGUGUUGGUUUUAACAUAGAUUAUGACU,..........((((.((((....))))...))))....(((....)))(((.....(((((((((((.....)))))))))))[[[[[)))..((((((....))))))....]]]]]..,0.7333333333333333,-6,0.6666666666666666
94,8880,9000,GAUAUUACGCACAACUAAUGGUGACUUUUUGCAUUUCUUACCUAGAGUUUUUAGUGCAGUUGGUAACAUCUGUUACACACCAUCAAAACUUAUAGAGUACACUGACUUUGCAACAUCAGC,...........((((...[[[[[......((((((.(((.....))).....))))))))))(((((....)))))....]]]]]........(((((......)))))((.......)),0.5833333333333334,-6,0.2571428571428571
40,3960,4080,CAAAGCUUGUGUUGAAGAAGUUACAACAACUCUGGAAGAAACUAAGUUCCUCACAGAAAACUUGUUACUUUAUAUUGACAUUAAUGGCAAUCUUCAUCCAGAUUCUGCCACUCUUGUUAG,((.....))(((((...[[[[[.)))))..((((((.(((......))).)).)))).]]]]]((((........)))).....(((((((((......))))..)))))..........,0.8333333333333334,-6,0.0
189,16520,16640,UACAUGUGUUGGUAGCGAUAAUGUUACUGACUUUAAUGCAAUUGCAACAUGUGACUGGACAAAUGCUGGUGAUUACAUUUUAGCUAACACCUGUACUGAAAGACUCAAGCUUUUUGCAGC,((((((((((((((((......))))))))).....(((....))))))))))(((((..[[[[[))))).....]]]]]..........(((((..(((((.......)))))))))).,0.7416666666666667,-6,0.0
205,18000,18120,AGUCUUGAAAUUCCACGUAGGAAUGUGGCAACUUUACAAGCUGAAAAUGUAACAGGACUCUUUAAAGAUUGUAGUAAGGUAAUCACUGGGUUACAUCCUACACAGGCACCUACACACCUC,(((((((..(((((.....)))))((....)).(((((.........))))))))))))(((.......[[[[[.)))((((((....))))))...]]]]].(((..........))).,0.675,-6,0.7058823529411765
301,26720,26840,CUUGCUGCUGUUUACAGAAUAAAUUGGAUCACCGGUGGAAUUGCUAUCGCAAUGGCUUGUCUUGUAGGCUUGAUGUGGCUCAGCUACUUCAUUGCUUCUUUCAGACUGUUUGCGCGUACG,.........(((((.....)))))...((((.((((((.....))))))[[[[[(((((.....))))).))))((((.....))))..]]]]].......(((.....)))((....)),0.6416666666666667,-6,0.0
215,19000,19120,UAUUAGCAGACAAAUUCCCAGUUCUUCACGACAUUGGUAACCCUAAAGCUAUUAAGUGUGUACCUCAAGCUGAUGUAGAAUGGAAGUUCUAUGAUGCACAGCCUUGUAGUGACAAAGCUU,...((((.((.....))(((((((.....)).)))))(........)))))....((((((.....[[[[[..((((((((....))))))))))))))....((((....))))]]]]],0.6833333333333333,-6,0.6857142857142857
275,24240,24360,AUUACAAAUACCAUUUGCUAUGCAAAUGGCUUAUAGGUUUAAUGGUAUUGGAGUUACACAGAAUGUUCUCUAUGAGAACCAAAAAUUGAUUGCCAACCAAUUUAAUAGUGCUAUUGGCAA,.......((((((((.(((((....))))).....[[[[[))))))))(((((..(((.....))).)))))...]]]]]..((((((.........)))))).................,0.675,-6,0.0
67,6600,6720,AUUAUCUAGAGUAUUAGGUUUGAAAACCCUUGCUACUCAUGGUUUAGCUGCUGUUAAUAGUGUCCCUUGGGAUACUAUAGCUAAUUAUGCUAAGCCUUUUCUUAACAAAGUUGUUAGUAC,........(((((..(((...[[[[[.)))...)))))..((((((((.(((....(((((((((....)))))))))))).......))))))))]]]]]((((((....))))))...,0.725,-6,0.0
300,26680,26800,CCUCUGGCUGUUAUGGCCAGUAACUUUAGCUUGUUUUGUGCUUGCUGCUGUUUACAGAAUAAAUUGGAUCACCGGUGGAAUUGCUAUCGCAAUGGCUUGUCUUGUAGGCUUGAUGUGGCU,...((((((.....))))))..........(((((((((((..[[[[[.))..)))))))))(((((....)))))...(((((....)))))((((((.....))))))....]]]]].,0.6416666666666667,-6,0.6486486486486487
214,18840,18960,CAUGUAGCUAGUUGUGAUGCAAUCAUGACUAGGUGUCUAGCUGUCCACGAGUGCUUUGUUAAGCGUGUUGACUGGACUAUUGAAUAUCCUAUAAUUGGUGAUGAACUGAAGAUUAAUGCG,..(((((((((((((((.....))))))))))..((((((((.......))(((((....)))))......))))))[[[[[[.....))))).(((((.....)))))...]]]]]]..,0.7083333333333334,-7,0.0
209,18360,18480,CAGCUAGGUUUUUCUACAGGUGUUAACCUAGUUGCUGUACCUACAGGUUAUGUUGAUACACCUAAUAAUACAGAUUUUUCCAGAGUUAGUGCUAAACCACCGCCUGGAGAUCAAUUUAAA,((((((((((.......[[[[[[.))))))))))((((....))))...........]]]]]].........((((..(((((.((...............)))))))))))........,0.6666666666666666,-7,0.28205128205128205
187,16440,16560,AGCUAUUAUUGUAAAUCACAUAAACCACCCAUUAGUUUUCCAUUGUGUGCUAAUGGACAAGUUUUUGGUUUAUAUAAAAAUACAUGUGUUGGUAGCGAUAAUGUUACUGACUUUAAUGCA,.........(((.....)))((((((..((((((((............))))))))....[[[[[[))))))...]]]]]]......(((((((((......))))))))).........,0.775,-7,0.0
165,14680,14800,AUUUUAACAAAGACUUCUAUGACUUUGCUGUGUCUAAGGGUUUCUUUAAGGAAGGAAGUUCUGUUGAAUUAAAACACUUCUUCUUUGCUCAGGAUGGUAAUGCUGCUAUCAGCGAUUAUG,...........((((((...(((........)))(((((....)))))[[[[[[)))))).((((.......))))...]]]]]]((((...(((((((....)))))))))))......,0.6666666666666666,-7,0.0
218,19400,19520,UCAUGGAAAACAAGUAGUGUCAGAUAUAGAUUAUGUACCACUAAAGUCUGCUACGUGUAUAACACGUUGCAAUUUAGGUGGUGCUGUCUGUAGACAUCAUGCUAAUGAGUACAGAUUGUA,...((.....)).....((((..(((.....)))((((((((.((((.(((.(((((.....))))).))))))).)))))))).[[[[[[.))))((((....))))..]]]]]]....,0.7333333333333333,-7,0.0
184,16160,16280,UACUAAUGAUAACACUUCAAGGUAUUGGGAACCUGAGUUUUAUGAGGCUAUGUACACACCGCAUACAGUCUUACAGGCUGUUGGGGCUUGUGUUCUUUGCAAUUCACAGACUUCAUUAAG,..((((((..............))))))((((.[[[[[[....((((((((((.......))))..))))))(((((((.....))))))))))).....]]]]]]..............,0.6583333333333333,-7,0.0
192,16800,16920,AAAAACAGUAAAGUACAAAUAGGAGAGUACACCUUUGAAAAAGGUGACUAUGGUGAUGCUGUUGUUUACCGAGGUACAACAACUUACAAAUUAAAUGUUGGUGAUUAUUUUGUGCUGACA,...(((((((...(((..........)))((((((.....))))))....[[[[[[)))))))..]]]]]]((((......))))..........((((((((.........)))))))),0.7333333333333333,-7,0.23809523809523808
195,17040,17160,UAUCAAAAGGUUGGUAUGCAAAAGUAUUCUACACUCCAGGGACCACCUGGUACUGGUAAGAGUCAUUUUGCUAUUGGCCUAGCUCUCUACUACCCUUCUGCUCGCAUAGUGUAUACAGCU,((((((....)))))).(((.(((.....[[[[[[(((((.....)))))....((((((((.......((((......)))).))))..))))))).)))......]]]]]].......,0.575,-7,0.0
196,17160,17280,UGCUCUCAUGCCGCUGUUGAUGCACUAUGUGAGAAGGCAUUAAAAUAUUUGCCUAUAGAUAAAUGUAGUAGAAUUAUACCUGCACGUGCUCGUGUAGAGUGUUUUGAUAAAUUCAAAGUG,...((((.(((..........)))[[[[[[))))(((((..........)))))........]]]]]].......(((((((((((....))))))).))))(((((.....)))))...,0.7333333333333333,-7,0.52
101,9440,9560,GCCUUGCCUACUAUUUUAUGAGGUUUAGAAGAGCUUUUGGUGAAUACAGUCAUGUAGUUGCCUUUAAUACUUUACUAUUCCUUAUGUCAUUCACUGUACUCUGUUUAACACCAGUUUACU,(((((..............))))).....((((...[[[[[[..((((((..........................................))))))))))......]]]]]]......,0.575,-7,0.6923076923076923
303,26800,26920,CAGCUACUUCAUUGCUUCUUUCAGACUGUUUGCGCGUACGCGUUCCAUGUGGUCAUUCAAUCCAGAAACUAACAUUCUUCUCAACGUGCCACUCCAUGGCACUAUUCUGACCAGACCGCU,.(((.........)))....(((((.((.((((((....)))......[[[[[[...)))...((((..........))))))..((((((.....))))))...)))))...]]]]]].,0.6,-7,0.0
291,25600,25720,AACUAGCACUCUCCAAGGGUGUUCACUUUGUUUGCAACUUGCUGUUGUUGUUUGUAACAGUUUACUCACACCUUUUGCUCGUUGCUGCUGGCCUUGAAGCCCCUUUUCUCUAUCUUUAUG,....(((((((.....)))))))(.....)...(((((..[[[[[[)))))....]]]]]]...............((........)).(((......)))...................,0.6416666666666667,-7,0.0
290,25560,25680,CAGAGCGCUUCCAAAAUCAUAACCCUCAAAAAGAGAUGGCAACUAGCACUCUCCAAGGGUGUUCACUUUGUUUGCAACUUGCUGUUGUUGUUUGUAACAGUUUACUCACACCUUUUGCUC,..((............))......(((.....)))..(....).(((((((.....)))))))(.....)...(((((..[[[[[[)))))....]]]]]]...................,0.5583333333333333,-7,0.8620689655172413
289,25520,25640,CGGAUGGCUUAUUGUUGGCGUUGCACUUCUUGCUGUUUUUCAGAGCGCUUCCAAAAUCAUAACCCUCAAAAAGAGAUGGCAACUAGCACUCUCCAAGGGUGUUCACUUUGUUUGCAACUU,.(((..(((.......)))[[[[[[.)))(((((((((((...............................)))))))))))..(((((((.....)))))))(.....)..]]]]]]..,0.6166666666666667,-7,0.0
86,8400,8520,AUGGAACGUUAAAGAUUUCAUGUCAUUGUCUGAACAACUACGAAAACAAAUACGUAGUGCUGCUAAAAAGAAUAACUUACCUUUUAAGUUGACAUGUGCAACUACUAGACAAGUUGUUAA,(((((((......).))))))(((..[[[[[[..((((((((..........))))))..))((....))...((((((.....)))))))))....((((((..]]]]]]))))))...,0.7,-7,0.0
317,28840,28960,AGUCGCAACAGUUCAAGAAAUUCAACUCCAGGCAGCAGUAGGGGAACUUCUCCUGCUAGAAUGGCUGGCAAUGGCGGUGAUGCUGCUCUUGCUUUGCUGCUGCUUGACAGAUUGAACCAG,.(((......[[[[[[((........)).((((((((((((((((.....))))(((.....))).(((((.(((((.....))))).))))))))))))))))))))...]]]]]]...,0.8,-7,0.0
19,2120,2240,CUGUUUAUGAAAAACUCAAACCCGUCCUUGAUUGGCUUGAAGAGAAGUUUAAGGAAGGUGUAGAGUUUCUUAGAGACGGUUGGGAAAUUGUUAAAUUUAUCUCAACCUGUGCUUGUGAAA,..((((.....[[[[[[))))((.(((((((...((((......))))))))))).))....]]]]]]....(((((((((((((((((....))))..)))))))).)).)))......,0.7416666666666667,-7,0.39473684210526316
228,20680,20800,GUGUUGCUAUGCCUAAUCUUUACAAAAUGCAAAGAAUGCUAUUAGAAAAGUGUGACCUUCAAAAUUAUGGUGAUAGUGCAACAUUACCUAAAGGCAUAAUGAUGAAUGUCGCAAAAUAUA,(((((((.[[[[[[..(((((.........)))))..(((((((..........................)))))))))))))).......]]]]]]..((((....)))).........,0.5,-7,0.0
102,9480,9600,UGAAUACAGUCAUGUAGUUGCCUUUAAUACUUUACUAUUCCUUAUGUCAUUCACUGUACUCUGUUUAACACCAGUUUACUCAUUCUUACCUGGUGUUUAUUCUGUUAUUUACUUGUACUU,(((.[[[[[[((((((((...............))))).....))))))...]]]]]]........((((((((...............)))))))).......................,0.6916666666666667,-7,0.0
264,23160,23280,GGUUAAAAACAAAUGUGUCAAUUUCAACUUCAAUGGUUUAACAGGCACAGGUGUUCUUACUGAGUCUAACAAAAAGUUUCUGCCUUUCCAACAAUUUGGCAGAGACAUUGCUGACACUAC,......((((....[[[[[[....((.......)))))).....((((((.........))).(((.(((.....)))((((((.............)))))))))..)))]]]]]]...,0.8083333333333333,-7,0.3142857142857143
262,23000,23120,GUAAUGGUGUUGAAGGUUUUAAUUGUUACUUUCCUUUACAAUCAUAUGGUUUCCAACCCACUAAUGGUGUUGGUUACCAACCAUACAGAGUAGUAGUACUUUCUUUUGAACUUCUACAUG,((((((((..[[[[[[.....))))))))...]]]]]]......(((((((.((((((((....))).))))).....)))))))...(((......)))(((....)))..........,0.6333333333333333,-7,0.7837837837837838
260,22720,22840,UUAAAUGAUCUCUGCUUUACUAAUGUCUAUGCAGAUUCAUUUGUAAUUAGAGGUGAUGAAGUCAGACAAAUCGCUCCAGGGCAAACUGGAAAGAUUGCUGAUUAUAAUUAUAAAUUACCA,.(((((((..(((((...............))))).)))))))((((((..[[[[[[..((((((.(((.((..(((((......)))))..))))))))))).))))))...]]]]]].,0.7333333333333333,-7,0.0
117,10440,10560,UAUGAGGCCCAAUUUCACUAUUAAGGGUUCAUUCCUUAAUGGUUCAUGUGGUAGUGUUGGUUUUAACAUAGAUUAUGACUGUGUCUCUUUUUGUUACAUGCACCAUAUGGAAUUACCAAC,..(((((.....)))))((((((((((.....))))))))))((((((((((...[[[[[[....((((((.......))))))........((.....))))))))))))...]]]]]],0.6916666666666667,-7,0.0
318,28880,29000,GGGGAACUUCUCCUGCUAGAAUGGCUGGCAAUGGCGGUGAUGCUGCUCUUGCUUUGCUGCUGCUUGACAGAUUGAACCAGCUUGAGAGCAAAAUGUCUGGUAAAGGCCAACAACAACAAG,((((.....))))((((((.....))))))..((((((((.((.[[[[[[)).))))))))(((..............)))..]]]]]]....(((.((((....)))))))........,0.7666666666666667,-7,0.34285714285714286
323,29520,29640,AACUCAGGCCUAAACUCAUGCAGACCACACAAGGCAGAUGGGCUAUAUAAACGUUUUCGCUUUUCCGUUUACGAUAUAUAGUCUACUCUUGUGCAGAAUGAAUUCUCGUAACUACAUAGC,......((((((...((.(((......[[[[[[)))))))))))...((((((............)))))).(((.....)))....]]]]]].((((....)))).((....)).....,0.675,-7,0.0
248,22040,22160,AUUCUAGUGCGAAUAAUUGCACUUUUGAAUAUGUCUCUCAGCCUUUUCUUAUGGACCUUGAAGGAAAACAGGGUAAUUUCAAAAAUCUUAGGGAAUUUGUGUUUAAGAAUAUUGAUGGUU,.....(((((((....))))))).((((.........))))((..[[[[[[.))((((((........))))))((((((...........))))))......]]]]]]...........,0.5916666666666667,-7,0.0
130,11680,11800,CUGACUCUUGGUGUUUAUGAUUACUUAGUUUCUACACAGGAGUUUAGAUAUAUGAAUUCACAGGGACUACUCCCACCCAAGAAUAGCAUAGAUGCCUUCAAACUCAACAUUAAAUUGUUG,(((..[[[[[[(((...................))))))(((((((......)))))))...((((....))))..]]]]]]...(((....))).........(((((......))))),0.6666666666666666,-7,0.0
247,22000,22120,AAAAACAACAAAAGUUGGAUGGAAAGUGAGUUCAGAGUUUAUUCUAGUGCGAAUAAUUGCACUUUUGAAUAUGUCUCUCAGCCUUUUCUUAUGGACCUUGAAGGAAAACAGGGUAAUUUC,.....((((....))))....(((......)))((((..(((((.(((((((....)))))))...)))))...))))......((((((....[[[[[[))))))..]]]]]]......,0.7666666666666667,-7,0.1891891891891892
135,12280,12400,GAUCAAGCUAUGACCCAAAUGUAUAAACAGGCUAGAUCUGAGGACAAGAGGGCAAAAGUUACUAGUGCUAUGCAGACAAUGCUUUUCACUAUGCUUAGAAAGUUGGAUAAUGAUGCACUC,.....((((.[[.[[[...(((....)))))))...(((.......)))]]]]].........(((((...(((.....)))(((((..........)))))(((.....))).))))).,0.6666666666666666,-7,0.3611111111111111
241,21480,21600,CUUAGUAAAGGUAGACUUAUAAUUAGAGAAAACAACAGAGUUGUUAUUUCUAGUGAUGUUCUUGUUAACAACUAAACGAACAAUGUUUGUUUUUCUUGUUUUAUUGCCACUAGUCUCUAG,..((((...(((((........[[[[[[((((((..((((((((((...................))))))).(((((((.....))))))).))))))))).)))))))))..]]]]]],0.7,-7,0.40476190476190477
235,21120,21240,GGGUUUAUACAACAAAAGCUAGCUCUUGGAGGUUCCGUGGCUAUAAAGAUAACAGAACAUUCUUGGAAUGCUGAUCUUUAUAAGCUCAUGGGACACUUCGCAUGGUGGACAGCCUUUGUU,(((((.....[[[[[[....))))).((((((((((((((((((((((((..(((..((((.....))))))))))))))).))).)))))))).)))))...(((.....)))]]]]]],0.8833333333333333,-7,0.0
297,26400,26520,AAACCUUCUUUUUACGUUUACUCUCGUGUUAAAAAUCUGAAUUCUUCUAGAGUUCCUGAUCUUCUGGUCUAAACGAACUAAAUAUUAUAUUAGUUUUUCUGUUUGGAACUUUAAUUUUAG,((((....[[[[[[.))))((....))..]]]]]]...((.....))(((((((((.((((....)))).(((((((((((........))))))....)))))))))))))).......,0.6583333333333333,-7,0.0
304,27280,27400,GGAAUCUUGAUUACAUCAUAAACCUCAUAAUUAAAAAUUUAUCUAAGUCACUAACUGAGAAUAAAUAUUCUCAAUUAGAUGAAGAGCAACCAAUGGAGAUUGAUUAAACGAACAUGAAAA,.......(((.....))).....(((.[[[[[[[...(((((((((((.....))(((((((....))))))).))))))))))))((.....))....]]]]]]]..............,0.6166666666666667,-8,0.0
326,29680,29800,UUAAUCAGUGUGUAACAUUAGGGAGGACUUGAAAGAGCCACCACAUUUUCACCGAGGCCACGCGGAGUACGAUCGAGUGUACAGUGAACAAUGCUAGGGAGAGCUGCCUAUAUGGAAGAG,.......(((.((..[[[[[[[..((.(((....))))))))))...(((((((........))..(((((......))))).)))))((..(((......)))))]]]].]]]......,0.6666666666666666,-8,0.08108108108108109
225,20520,20640,GAUUUUGUUGAAAUAAUAAAAUCCCAAGAUUUAUCUGUAGUUUCUAAGGUUGUCAAAGUGACUAUUGACUAUACAGAAAUUUCAUUUAUGCUUUGGUGUAAAGAUGGCCAUGUAGAAACA,(((((((((.....)))))))))(((.((((..(((((([[[[[[[.(((((((.....)))....)))).))))))))))((.(((((((....)))))))))))).....]]]]]]].,0.6083333333333333,-8,0.3888888888888889
279,24680,24800,UUGAUUUUUGUGGAAAGGGCUAUCAUCUUAUGUCCUUCCCUCAGUCAGCACCUCAUGGUGUAGUCUUCUUGCAUGUGACUUAUGUCCCUGCACAAGAAAAGAACUUCACAACUGCUCCUG,.(((((.[[[[[[[((((((...........)))))).....)))))(((((....)))))..((((((((..((((((....)))...))))))))..)))..]]]]]]].........,0.7166666666666667,-8,0.0
277,24320,24440,AAAAAUUGAUUGCCAACCAAUUUAAUAGUGCUAUUGGCAAAAUUCAAGACUCACUUUCUUCCACAGCAAGUGCACUUGGAAAACUUCAAGAUGUGGUCAACCAAAAUGCACAAGCUUUAA,..((((((.[[[[[[[.))))))..........]]]]]]].....((((.......))))(((((((....)).((((((....)))))).)))))...........((....)).....,0.6916666666666667,-8,0.0
274,24200,24320,GUACAAUCACUUCUGGUUGGACCUUUGGUGCAGGUGCUGCAUUACAAAUACCAUUUGCUAUGCAAAUGGCUUAUAGGUUUAAUGGUAUUGGAGUUACACAGAAUGUUCUCUAUGAGAACC,...((((((....)))))).(((..[[[[[[[)))..]]]]]]]...((((((((.(((((....)))))..........))))))))(((((..(((.....))).)))))........,0.7083333333333334,-8,0.19444444444444445
259,22680,22800,AUUUUCCACUUUUAAGUGUUAUGGAGUGUCUCCUACUAAAUUAAAUGAUCUCUGCUUUACUAAUGUCUAUGCAGAUUCAUUUGUAAUUAGAGGUGAUGAAGUCAGACAAAUCGCUCCAGG,....((((((....))))...[[[[[[[...(((.((((..(((((((..(((((...............))))).)))))))...)))))))(((.....))))).....]]]]]]]..,0.7333333333333333,-8,0.2903225806451613
258,22640,22760,ACUGUGUUGCUGAUUAUUCUGUCCUAUAUAAUUCCGCAUCAUUUUCCACUUUUAAGUGUUAUGGAGUGUCUCCUACUAAAUUAAAUGAUCUCUGCUUUACUAAUGUCUAUGCAGAUUCAU,.(((((..((.........................))[[[[[[[..((((....)))).)))))((((.....)))).....]]]]]]].(((((...............))))).....,0.6,-8,0.0
242,21520,21640,UUGUUAUUUCUAGUGAUGUUCUUGUUAACAACUAAACGAACAAUGUUUGUUUUUCUUGUUUUAUUGCCACUAGUCUCUAGUCAGUGUGUUAAUCUUACAACCAGAACUCAAUUACCCCCU,..(((((.....)))))......(((((((...(((((((.....)))))))[[[[[[[..(((((..((((.....))))))))))))))))...]]]...]]]]..............,0.5666666666666667,-8,0.0
272,24000,24120,CAAGAGGUCAUUUAUUGAAGAUCUACUUUUCAACAAAGUGACACUUGCAGAUGCUGGCUUCAUCAAACAAUAUGGUGAUUGCCUUGGUGAUAUUGCUGCUAGAGACCUCAUUUGUGCACA,...((((((.(((((((((((.....)))))))....[[[.[[[..((((.(((((((.((((((.......))))))..)))..))))......))))))))))))))....]]]]]].,0.7416666666666667,-8,0.7142857142857143
0,80,200,AAUCUGUGUGGCUGUCACUCGGCUGCAUGCUUAGUGCACUCACGCAGUAUAAUUAAUAACUAAUUACUGUCGUUGACAGGACACGAGUAACUCGUCUAUCUUCUGCAGGCUGCUUACGGU,...(((((((((((.....))))(((((.....)))))..)))))))..((((((.....))))))..(((.[[[.[[[)))((((.....)))).......]]]]]]((((....)))),0.6,-8,0.1794871794871795
15,1520,1640,AGUGUGCCUAUUGGGUUCCACGUGCUAGCGCUAACAUAGGUUGUAACCAUACAGGUGUUGUUGGAGAAGGUUCCGAAGGUCUUAAUGACAACCUUCUUGAAAUACUCCAAAAAGAGAAAG,.....((((.((((..(((((((....))).((((((...(((((....))))))))))).))))[[[[[[[)))))))).........]]]]]]]........(((......)))....,0.6083333333333333,-8,0.4444444444444444
142,12960,13080,AGGAUUAAACAACCUAAAUAGAGGUAUGGUACUUGGUAGUUUAGCUGCCACAGUACGUCUACAAGCUGGUAAUGCAACAGAAGUGCCUGCCAAUUCAACUGUAUUAUCUUUCUGUGCUUU,.........((((((......)))).))(((((((((((.....)))))).)))))...((((...(((((..((.[[[[[[[.)).))))).......)))).....]]]]]]].....,0.7666666666666667,-8,0.0
53,4800,4920,AGAUUGGUCCUAUUCUGGACAAUCUACACAACUAGGUAUAGAAUUUCUUAAGAGAGGUGAUAAAAGUGUAUAUUACACUAGUAAUCCUACCACAUUCCACCUAGAUGGUGAAGUUAUCAC,.(((((.(((......))))))))(((........)))..((((..(((....)))[[[[[[[.(((((.....))))).(((....)))...))))((((.....))))...]]]]]]],0.75,-8,0.23076923076923078
2,200,320,UUCGUCCGUGUUGCAGCCGAUCAUCAGCACAUCUAGGUUUCGUCCGGGUGUGACCGAAAGGUAAGAUGGAGAGCCUUGUCCCUGGUUUCAACGAGAAAACACACGUCCAACUCAGUUUGC,.......((((((...........))))))..(((((........[[[[[[[(((....)))..(((((......))))))))))((((.....))))...]]]]]]]............,0.625,-8,0.7435897435897436
188,16480,16600,CAUUGUGUGCUAAUGGACAAGUUUUUGGUUUAUAUAAAAAUACAUGUGUUGGUAGCGAUAAUGUUACUGACUUUAAUGCAAUUGCAACAUGUGACUGGACAAAUGCUGGUGAUUACAUUU,(((((.....)))))(((..[[[[[[[)))....]]]]]]](((((((((((((((......))))))))).....(((....))))))))).(((((.......)))))..........,0.675,-8,0.2777777777777778
46,4320,4440,CUUUUACAUUCUACCAUCUAUUAUCUCUAAUGAGAAGCAAGAAAUUCUUGGAACUGUUUCUUGGAAUUUGCGAGAAAUGCUUGCACAUGCAGAAGAAACACGCAAAUUAAUGCCUGUCUG,(((((.((((..................)))))))))((((.....)))).....(((((((......((((((.....))))))[[.[[[[)))))))..(((......)))]]]].]],0.7583333333333333,-8,0.5
78,7720,7840,CAGUCUUCUUACAUCGUUGAUAGUGUUACAGUGAAGAAUGGUUCCAUCCAUCUUUACUUUGAUAAAGCUGGUCAAAAGACUUAUGAAAGACAUUCUCUCUCUCAUUUUGUUAACUUAGAC,.((((((..(((...[[[[[[[)))....((((((((.(((......)))))))))))(((((.......)))))))))).)((((.(((.......))).))))..]]]]]]]......,0.675,-8,0.23529411764705882
149,13400,13520,AUGGCUGUAGUUGUGAUCAACUCCGCGAACCCAUGCUUCAGUCAGCUGAUGCACAAUCGUUUUUAAACGGGUUUGCGGUGUAAGUGCAGCCCGUCUUACACCGUGCGGCACAGGCACUAG,..(((((((((((....))))).(((((((((..(((......))).(((.....)))(((....))))))))))))[[[[[[[.))))))...]]]]]]].((((.......))))...,0.65,-8,0.3684210526315789
148,13320,13440,ACCUACAACUUGUGCUAAUGACCCUGUGGGUUUUACACUUAAAAACACAGUCUGUACCGUCUGCGGUAUGUGGAAAGGUUAUGGCUGUAGUUGUGAUCAACUCCGCGAACCCAUGCUUCA,((.[[[[[[[.))((((.((((((((((.................)))))(((((((((....))))))..)))..)))))))))...]]]]]]].........(((......)))....,0.5583333333333333,-8,0.0
14,1480,1600,UUUGGAGGCUGUGUGUUCUCUUAUGUUGGUUGCCAUAACAAGUGUGCCUAUUGGGUUCCACGUGCUAGCGCUAACAUAGGUUGUAACCAUACAGGUGUUGUUGGAGAAGGUUCCGAAGGU,...((((.[[[[[[[))))(((((((((((.((((((.....))))((....))((.......))..))))))))))))).......]]]]]]]......((((((....))))))....,0.7333333333333333,-8,0.0
145,13080,13200,UGCUGUAGAUGCUGCUAAAGCUUACAAAGAUUAUCUAGCUAGUGGGGGACAACCAAUCACUAAUUGUGUUAAGAUGUUGUGUACACACACUGGUACUGGUCAGGCAAUAACAGUUACACC,...(((((..(((.....))))))))..((((.....[[[[[[[.((.....))))))......(((((.............)))))]]]]]]]((((............))))......,0.6166666666666667,-8,0.4857142857142857
175,15520,15640,UUAACAUUUGUCAAGCUGUCACGGCCAAUGUUAAUGCACUUUUAUCUACUGAUGGUAACAAAAUUGCCGAUAAGUAUGUCCGCAAUUUACAACACAGACUUUAUGAGUGUCUCUAUAGAA,.(((((((.(((..[[[[[[[.))).)))))))(((......)))....]]]]]]]....(((((((.(((......))).)))))))...((((...........))))..........,0.7083333333333334,-8,0.813953488372093
157,14120,14240,AGGUAGUGGAGUUCCUGUUGUAGAUUCUUAUUAUUCAUUGUUAAUGCCUAUAUUAACCUUGACCAGGGCUUUAACUGCAGAGUCACAUGUUGACACUGACUUAACAAAGCCUUACAUUAA,..(((((((((((.........))))))......(((..(((((((....)))))))..)))..[[[[[[[[.))))).((((((...........))))))...]]]]]]]].......,0.6583333333333333,-9,0.25925925925925924
232,20960,21080,UGACUUUGUCUCUGAUGCAGAUUCAACUUUGAUUGGUGAUUGUGCAACUGUACAUACAGCUAAUAAAUGGGAUCUCAUUAUUAGUGAUAUGUACGACCCUAAGACUAAAAAUGUUACAAA,....((((((((((((.((((......)))))))))...[[[[..[[[((((((((((.(((((((.(((....)))))))))))).))))))))......)))).)))...]]]]]]].,0.6583333333333333,-9,0.0
111,10040,10160,CAGCUGUUUUGCAGAGUGGUUUUAGAAAAAUGGCAUUCCCAUCUGGUAAAGUUGAGGGUUGUAUGGUACAAGUAACUUGUGGUACAACUACACUUAACGGUCUUUGGCUUGAUGACGUAG,..((((((((.[[[[.[[[.......))))))))....]]]]]]].....((((((((((((((..(((((.....)))))))))))))...)))))).(((...........)))....,0.6833333333333333,-9,0.0
141,12880,13000,UAUACAGAACUGGAACCACCUUGUAGGUUUGUUACAGACACACCUAAAGGUCCUAAAGUGAAGUAUUUAUACUUUAUUAAAGGAUUAAACAACCUAAAUAGAGGUAUGGUACUUGGUAGU,..(((...[[[...[[[[((((.(((((.(((.....))).)))))))))((((..(((((((((....)))))))))..)))).....((((((......)))).)))))..]]]]]]],0.775,-9,0.0
128,11400,11520,GAAUGUCUUGACACUCGUUUAUAAAGUUUAUUAUGGUAAUGCUUUAGAUCAAGCCAUUUCCAUGUGGGCUCUUAUAAUCUCUGUUACUUCUAACUACUCAGGUGUAGUUACAACUGUCAU,(((.((..[[[[[...[[(((((((((((((.((((.(((((((......))).)))).))))))))))).))))))........)))))(((((((......)))))))..]]]]]]].,0.75,-9,0.0
109,9960,10080,UCAUCUCGCAAAGGCUCUCAAUGACUUCAGUAACUCAGGUUCUGAUGUUCUUUACCAACCACCACAAACCUCUAUCACCUCAGCUGUUUUGCAGAGUGGUUUUAGAAAAAUGGCAUUCCC,.......((....))((.....))..((((.(((....))))))).(((.......)))..............((((((((.[[[[[[[[).)).)))))......]]]]]]]]......,0.675,-9,0.0
108,9880,10000,AGAUACUUAGCUCUUUAUAAUAAGUACAAGUAUUUUAGUGGAGCAAUGGAUACAACUAGCUACAGAGAAGCUGCUUGUUGUCAUCUCGCAAAGGCUCUCAAUGACUUCAGUAACUCAGGU,((((((((.[[[[[...........[[))))))))..]]]]]]]...((((((((((((((.......)))))...))))).)))).((....))......(((..........)))...,0.6833333333333333,-9,0.0
268,23640,23760,UGCCUACACUAUGUCACUUGGUGCAGAAAAUUCAGUUGCUUACUCUAAUAACUCUAUUGCCAUACCCACAAAUUUUACUAUUAGUGUUACCACAGAAAUUCUACCAGUGUCUAUGACCAA,(((..((.....))[[[[.[[[))).....((((((.....)))((((((............................))))))(((....)))))).....]]]]]]]...........,0.525,-9,0.14285714285714285
84,8280,8400,CUAUAUGCUCACCUAUAACAAAGUUGAAAACAUGACACCCCGUGACCUUGGUGCUUGUAUUGACUGUAGUGCGCGUCAUAUUAAUGCGCAGGUAGCAAAAAGUCACAACAUUGCUUUGAU,.....((((.((((...((..((((((..(((...((((..[[[[[.[[))))..))).))))))...))((((((.......))))))))))))))..]]]]]]]..............,0.6916666666666667,-9,0.0
114,10280,10400,GGGUUAUUGGACAUUCUAUGCAAAAUUGUGUACUUAAGCUUAAGGUUGAUACAGCCAAUCCUAAGACACCUAAGUAUAAGUUUGUUCGCAUUCAACCAGGACAGACUUUUUCAGUGUUAG,..(((....)))....((((((....)))))).....(((((.(((((.......)))))[[[..[[[[.)))))..((((((((((...........)))))))))).....]]]]]]],0.6833333333333333,-9,0.9117647058823529
50,4600,4720,GUUACAAUGCCACUUGGCUAUGUAACACAUGGCUUAAAUUUGGAAGAAGCUGCUCGGUAUAUGAGAUCUCUCAAAGUGCCAGCUACAGUUUCUGUUUCUUCACCUGAUGCUGUUACAGCG,((((((..(((....)))..))))))...((((.....(((((.[[[[[[[[((((.....)))).....)))))..))))....]]]]]]]]......((....)).(((.....))).,0.7083333333333334,-9,0.6756756756756757
182,16080,16200,UUUCAUUUGUACUUACAAUACAUAAGAAAGCUACAUGAUGAGUUAACAGGACACAUGUUAGACAUGUAUUCUGUUAUGCUUACUAAUGAUAACACUUCAAGGUAUUGGGAACCUGAGUUU,.(((((((((((((.............))).)))).)))))).((((((((.(((((.....))))).))))))))......((((((.....[[[[..[[[))))))...]]]]]]]..,0.725,-9,0.0
325,29600,29720,GUCUACUCUUGUGCAGAAUGAAUUCUCGUAACUACAUAGCACAAGUAGAUGUAGUUAACUUUAAUCUCACAUAGCAAUCUUUAAUCAGUGUGUAACAUUAGGGAGGACUUGAAAGAGCCA,.......(((((((...((((....))))[[[[[[[[.)))))))...]]]]]]]].....................((((((((..((.....))))))))))((.(((....))))).,0.625,-9,0.0
324,29560,29680,GGCUAUAUAAACGUUUUCGCUUUUCCGUUUACGAUAUAUAGUCUACUCUUGUGCAGAAUGAAUUCUCGUAACUACAUAGCACAAGUAGAUGUAGUUAACUUUAAUCUCACAUAGCAAUCU,(((((((((((((............)))).....)))))))))....(((((((...((((....))))[[[[[[[[.)))))))...]]]]]]]]........................,0.7083333333333334,-9,0.5357142857142857
176,15760,15880,GUCUAGUGGCUAGCAUAAAGAACUUUAAGUCAGUUCUUUAUUAUCAAAACAAUGUUUUUAUGUCUGAAGCAAAAUGUUGGACUGAGACUGACCUUACUAAAGGACCUCAUGAAUUUUGCU,((((..((((((((((((((((((.......))))))))))..(((..................)))[[[[[[[[))))).)))))))(((((((....))))...)))...]]]]]]]],0.75,-9,0.0
162,14480,14600,CUUCAGAGAGCUAGGUGUUGUACAUAAUCAGGAUGUAAACUUACAUAGCUCUAGACUUAGUUUUAAGGAAUUACUUGUGUAUGCUGCUGACCCUGCUAUGCACGCUGCUUCUGGUAAUCU,...((((((((((..(((..(((((.......))))).....))))))))))...((((....))))[[.[[[[[((((((((..((.......))))))))))))).....]]]]]]].,0.7083333333333334,-9,0.0
185,16200,16320,UAUGAGGCUAUGUACACACCGCAUACAGUCUUACAGGCUGUUGGGGCUUGUGUUCUUUGCAAUUCACAGACUUCAUUAAGAUGUGGUGCUUGCAUACGUAGACCAUUCUUAUGUUGUAAA,.....(((((((((..((((((((..(((((((((((((.....))))))))...[[[[[[[[....)))))........))))))))......))))))).))........]]]]]]]],0.725,-9,0.0
186,16400,16520,UGAUGUCACAGAUGUGACUCAACUUUACUUAGGAGGUAUGAGCUAUUAUUGUAAAUCACAUAAACCACCCAUUAGUUUUCCAUUGUGUGCUAAUGGACAAGUUUUUGGUUUAUAUAAAAA,.....((((....))))(((((((((......))))).))))......((((.......[[[[[[[[.((((((((............)))))))))))).....]]]]]]]].......,0.7333333333333333,-9,0.6829268292682927
173,15320,15440,UAACAUGCUUAGAAUUAUGGCCUCACUUGUUCUUGCUCGCAAACAUACAACGUGUUGUAGCUUGUCACACCGUUUCUAUAGAUUAGCUAAUGAGUGUGCUCAAGUAUUGAGUGAAAUGGU,......(((.........)))((((..(((........)))(((((.....))))).(((((.(((..[[[[[[[[....))).))))).))))...(((((.....)))))]]]]]]]],0.6916666666666667,-9,0.34285714285714286
104,9640,9760,AUUCAGUGGAUGGUUAUGUUCACACCUUUAGUACCUUUCUGGAUAACAAUUGCUUAUAUCAUUUGUAUUUCCACAAAGCAUUUCUAUUGGUUCUUUAGUAAUUACCUAAAGAGACGUGUA,.....(((((((....)))))))................((((...[[[[[[[[[((((.....)))).))))..]]]]].....]]]](((((((((.......))))))).)).....,0.6583333333333333,-10,0.0
133,12000,12120,UUCACUACUUUCUGUUUUGCUUUCCAUGCAGGGUGCUGUAGACAUAAACAAGCUUUGUGAAGAAAUGCUGGACAACAGGGCAACCUUACAAGCUAUAGCCUCAGAGUUUAGUUCCCUUCC,.................(((.......)))(((.(((((.[[[.[[[[[.(((((.((((((.....))(.....).((....)))))))))))))))))))...]]]]]]]].......,0.6666666666666666,-10,0.0
48,4400,4520,UUGCACAUGCAGAAGAAACACGCAAAUUAAUGCCUGUCUGUGUGGAAACUAAAGCCAUAGUUUCAACUAUACAGCGUAAAUAUAAGGGUAUUAAAAUACAAGAGGGUGUGGUUGAUUAUG,((((....)))).......((((...[[[[[[[[[...(((((((((((((......)))))))...))))))))))........]]]]]]]]]..((((......))))..........,0.675,-10,0.41379310344827586
210,18600,18720,CAUGGCUUUGAGUUGACAUCUAUGAAGUAUUUUGUGAAAAUAGGACCUGAGCGCACCUGUUGUCUAUGUGAUAGACGUGCCACAUGCUUUUCCACUGCUUCAGACACUUAUGCCUGUUGG,(((((..............)))))(((((...((((..((((((..[[[[[.[[[))))))(((((.....)))))....)))))))))......]]]]]]]].((....))((....)),0.5916666666666667,-10,0.0
125,11160,11280,GCAUGCAUUUCUCUGUUUGUUUUUGUUACCUUCUCUUGCCACUGUAGCUUAUUUUAAUAUGGUCUAUAUGCCUGCUAGUUGGGUGAUGCGUAUUAUGACAUGGUUGGAUAUGGUUGAUAC,(((((((.............................))).((((((...........))))))[[[[[[[[[((((.....))))))))((......))..]]]...]]]]]].......,0.6666666666666666,-10,0.7435897435897436
295,26120,26240,UGUCCAAAUUCACACAAUCGACGGUUCAUCCGGAGUUGUUAAUCCAGUAAUGGAACCAAUUUAUGAUGAACCGACGACGACUACUAGCGUGCCUUUGUAAGCACAAGCUGAUGAGUACGA,.........((........))((((((((..[[[[[[[[[..((((....))))..((.....))))))))))..]]]]]]].]]...((((........))))..(((....)))....,0.7166666666666667,-10,0.0
122,10840,10960,GAUAUGUGUGCUUCAUUAAAAGAAUUACUGCAAAAUGGUAUGAAUGGACGUACCAUAUUGGGUAGUGCUUUAUUAGAAGAUGAAUUUACACCUUUUGAUGUUGUUAGACAAUGCUCAGGU,.........((..[[[[[[[[[.((((((.(((.((((((((......)))))))).)))))))))))((((((....)))))).......]]]]]]]]](((.....))).........,0.7333333333333333,-10,0.0
211,18640,18760,UAGGACCUGAGCGCACCUGUUGUCUAUGUGAUAGACGUGCCACAUGCUUUUCCACUGCUUCAGACACUUAUGCCUGUUGGCAUCAUUCUAUUGGAUUUGAUUACGUCUAUAAUCCGUUUA,((((..[[[[[.[[[)))).((((((.....)))))).((.....))........]]]]]]]]......(((((....)))))........((((((.((.....))...))))))....,0.6333333333333333,-10,1.0
190,16680,16800,UAUGGUAUUGCUACUGUACGUGAAGUGCUGUCUGACAGAGAAUUACAUCUUUCAUGGGAAGUUGGUAAACCUAGACCACCACUUAACCGAAAUUAUGUCUUUACUGGUUAUCGUGUAACU,(((((((....)))))))(((((((..(((.....)))[[..[[[[[[.)))))))..((((((((........))))..))))(((((...............)))))...]]]]]]]],0.6083333333333333,-10,0.5609756097560976
25,2640,2760,AAUCAAAGACACAGAAAAGUACUGUGCCCUUGCACCUAAUAUGAUGGUAACAAACAAUACCUUCACACUCAAAGGCGGUGCACCAACAAAGGUUACUUUUGGUGAUGACACUGUGAUAGA,.........(((((.......))))).....(((((.....(((.((((........)))).)))[[[.[[[[[[.)))))(((......)))..]]]]]]]]]................,0.75,-11,0.6551724137931034
199,17320,17440,CAUUGCCUGAGACGACAGCAGAUAUAGUUGUCUUUGAUGAAAUUUCAAUGGCCACAAAUUAUGAUUUGAGUGUUGUCAAUGCCAGAUUACGUGCUAAGCACUAUGUGUACAUUGGCGACC,....(((..(((((((..........)))))))((((.......)))).)))((((...(((((((((...[[[[[[[[[[.))))))).(((.....)))))))))..]]]]]]]]]].,0.7583333333333333,-11,0.20512820512820512
31,3040,3160,CCUCCAGAUGAGGAUGAAGAAGAAGGUGAUUGUGAAGAAGAAGAGUUUGAGCCAUCAACUCAAUAUGAGUAUGGUACUGAAGAUGAUUACCAAGGUAAACCUUUGGAAUUUGGUGCCACU,((((.....))))...........(((.......................)))((((((((.....)))).[[[[[[[[[[..))))..((((((.....))))))..]]]]]]]]]]..,0.7,-11,0.358974358974359
95,8960,9080,CAUCAAAACUUAUAGAGUACACUGACUUUGCAACAUCAGCUUGUGUUUUGGCUGCUGAAUGUACAAUUUUUAAAGAUGCUUCUGGUAAGCCAGUACCAUAUUGUUAUGAUACCAAUGUAC,.............(((((......)))))(((((((((((..[[[..[[[[[[)))).))))..............)))...(((((]]]]]]]]]((((....)))).)))))......,0.7583333333333333,-11,0.0
118,10480,10600,GGUUCAUGUGGUAGUGUUGGUUUUAACAUAGAUUAUGACUGUGUCUCUUUUUGUUACAUGCACCAUAUGGAAUUACCAACUGGAGUUCAUGCUGGCACAGACUUAGAAGGUAACUUUUAU,....((((((((.((((((....)))))).........[[[[[[[..............[[))))))))(((((.((....)))))))..]].]]]]]]]...((((((....)))))).,0.65,-11,0.0
56,5160,5280,UGAGUACUACCACACAACUGAUCCUAGUUUUCUGGGUAGGUACAUGUCAGCAUUAAAUCACACUAAAAAGUGGAAAUACCCACAAGUUAAUGGUUUAACUUCUAUUAAAUGGGCAGAUAA,(((((((((((.((.(((((....)))))...)))))).))))..[[[.[[.[[[..)))...]]]...((((......))))(((((((....)))))))(((.....)))]].]]]..,0.775,-11,0.0
70,6880,7000,GUCGGUAAAUUUUGUCUAGAGGCUUCAUUUAAUUAUUUGAAGUCACCUAAUUUUUCUAAACUGAUAAAUAUUAUAAUUUGGUUUUUACUAUUAAGUGUUUGCCUAGGUUCUUUAAUCUAC,...(((....[[[[[[[[[[(((((((..........)))))))))).......]]]]....]]]]]]...........(((...((((....))))...)))((((((....)))))).,0.7,-11,0.6451612903225806
226,20600,20720,UUCAUUUAUGCUUUGGUGUAAAGAUGGCCAUGUAGAAACAUUUUACCCAAAAUUACAAUCUAGUCAAGCGUGGCAACCGGGUGUUGCUAUGCCUAAUCUUUACAAAAUGCAAAGAAUGCU,...........(((((.[[[[[[[[[[....(((((.....))))))))))((((.....))))...((((((((((.....))))))))))]].]]]]]]]].....(((.....))).,0.5666666666666667,-11,0.0
152,13560,13680,AAAGUAGCUGGUUUUGCUAAAUUCCUAAAAACUAAUUGUUGUCGCUUCCAAGAAAAGGACGAAGAUGACAAUUUAAUUGAUUCUUACUUUGUAGUUAAGAGACACACUUUCUCUAACUAC,.....(((.((((((............))))))[[[[[[[[[[)))(((.......)))....]]]]]]]]]].................(((((((.((((.......))))))))))),0.7416666666666667,-11,0.0
151,13520,13640,UACUGAUGUCGUAUACAGGGCUUUUGACAUCUACAAUGAUAAAGUAGCUGGUUUUGCUAAAUUCCUAAAAACUAAUUGUUGUCGCUUCCAAGAAAAGGACGAAGAUGACAAUUUAAUUGA,....(((((((.............)))))))..............(((.((((((............))))))[[[[[[[[[[)))(((.......)))....]]]]]]]]]].......,0.675,-11,0.17073170731707318
23,2440,2560,GAAACUGGCCUACUCAUGCCUCUAAAAGCCCCAAAAGAAAUUAUCUUCUUAGAGGGAGAAACACUUCCCACAGAAGUGUUAACAGAGGAAGUUGUCUUGAAAACUGGUGAUUUACAACCA,......(((...[[[...[[[[[[[..)))......(((......)))]]]]]]]]]].((((((((.....)))))))).........((((........))))(((........))).,0.7666666666666667,-12,0.5862068965517241
74,7200,7320,AUCUUUUAAAUGGGAUUUAACUGCUUUUGGCUUAGUUGCAGAGUGGUUUUUGGCAUAUAUUCUUUUCACUAGGUUUUUCUAUGUACUUGGAUUGGCUGCAAUCAUGCAAUUGUUUUUCAG,(((((......)))))..(((((((((.[[[[[[[[[[[)))))))))....]]]............]]]]]]]]..((((......)))).....((((....))))............,0.5916666666666667,-12,0.3888888888888889
310,28440,28560,CACUCAACAUGGCAAGGAAGACCUUAAAUUCCCUCGAGGACAAGGCGUUCCAAUUAACACCAAUAGCAGUCCAGAUGACCAAAUUGGCUACUACCGAAGAGCUACCAGACGAAUUCGUGG,.........(((...((((.........))))[[[..[[[[...[[(((......))).)))...]].]]]].]].].......(((((.((.....)))))))(((((.....)).))),0.6333333333333333,-12,0.2682926829268293
73,7160,7280,ACACCUAUCCUUCUUUAGAAACUAUACAAAUUACCAUUUCAUCUUUUAAAUGGGAUUUAACUGCUUUUGGCUUAGUUGCAGAGUGGUUUUUGGCAUAUAUUCUUUUCACUAGGUUUUUCU,..........(((....))).......(((((.((((((........)))))))))))(((((((((.[[[[[[[[[[[)))))))))....]]]............]]]]]]]].....,0.6,-12,0.0
217,19240,19360,UUGACACUAGAGUGCUAUCUAACCUUAACUUGCCUGGUUGUGAUGGUGGCAGUUUGUAUGUAAAUAAACAUGCAUUCCACACACCAGCUUUUGAUAAAAGUGCUUUUGUUAAUUUAAAAC,.......((((......)))).....((((.(((.[[[.[[[.[[[.)))))))(((((((......)))))))..]]]]]]]]].....(((((((((....)))))))))........,0.6666666666666666,-12,0.2777777777777778
284,25040,25160,CAUCACCAGAUGUUGAUUUAGGUGACAUCUCUGGCAUUAAUGCUUCAGUUGUAAACAUUCAAAAAGAAAUUGACCGCCUCAAUGAGGUUGCCAAGAAUUUAAAUGAAUCUCUCAUCGAUC,..(((((.[[[[..[[[[[[)))))..(((.(((((.....(((((.((.....)).(((.....)))(((((.....)))))))))))))))))).......]]]]]]...]]]]....,0.725,-12,0.2
256,22560,22680,AAACUUGUGCCCUUUUGGUGAAGUUUUUAACGCCACCAGAUUUGCAUCUGUUUAUGCUUGGAACAGGAAGAGAAUCAGCAACUGUGUUGCUGAUUAUUCUGUCCUAUAUAAUUCCGCAUC,((((((.[[[...[[[[[[[)))))).......]]]]]]]...]]](((((((.......))))))).(((((((((((((.....))))))))).))))((.............))...,0.7,-12,0.0
174,15480,15600,UCAUCAGGAGAUGCCACAACUGCUUAUGCUAAUAGUGUUUUUAACAUUUGUCAAGCUGUCACGGCCAAUGUUAAUGCACUUUUAUCUACUGAUGGUAACAAAAUUGCCGAUAAGUAUGUC,.((((((.((((((.[[[..[[[[[[[))....(((((..(((((((((....)(((.....))).)))))))).)))))...)))).))))))((((.....))))..]]]]]]]]]].,0.6916666666666667,-12,0.0
127,11320,11440,GCAUCAGCUGUAGUGUUACUAAUCCUUAUGACAGCAAGAACUGUGUAUGAUGAUGGUGCUAGGAGAGUGUGGACACUUAUGAAUGUCUUGACACUCGUUUAUAAAGUUUAUUAUGGUAAU,(((((((((((...................)))))..[[[[[...[[[[[...)))))).....(((((((((((........)))))..))))))..]]]]].]]]]]...........,0.75,-12,0.5714285714285714
42,4120,4240,AUAGUGGGUGAUGUUGUUCAAGAGGGUGUUUUAACUGCUGUGGUUAUACCUACUAAAAAGGCUGGUGGCACUACUGAAAUGCUAGCGAAAGCUUUGAGAAAAGUGCCAACAGACAAUUAU,.(((((((((..[[[[[[........[[[[.(((((.....))))))))))))))....(((...(((((.........)))))((....))(((.....))).)))]]]]]]]]]]...,0.65,-12,0.0
315,28760,28880,AAGGAACAACAUUGCCAAAAGGCUUCUACGCAGAAGGGAGCAGAGGCGGCAGUCAAGCCUCUUCUCGUUCCUCAUCACGUAGUCGCAACAGUUCAAGAAAUUCAACUCCAGGCAGCAGUA,.((((((.[[.[[[[[....[[(((((....))))).(((.((((((.........)))))).)))))))))(.....)..((....))((((.((....)).))))]].]]]]]..]].,0.675,-12,0.0
159,14240,14360,GUGGGAUUUGUUAAAAUAUGACUUCACGGAAGAGAGGUUAAAACUCUUUGACCGUUAUUUUAAAUAUUGGGAUCAGACAUACCACCCAAAUUGUGUUAACUGUUUGGAUGACAGAUGCAU,.((((.....[[[[[[[[..[[))))(....)...(((((((....)))))))]]]]]]]]]]...(((((.............)))))..........(((((.....)))))......,0.6083333333333333,-12,0.5277777777777778
281,24840,24960,UGUCUUUGUUUCAAAUGGCACACACUGGUUUGUAACACAAAGGAAUUUUUAUGAACCACAAAUCAUUACUACAGACAACACAUUUGUGUCUGGUAACUGUGAUGUUGUAAUAGGAAUUGU,(((((((.....))).))))((((.((((((((((.............))))))))))[[[.......[[[((((((.........)))))).[[[[))))..]]]]...]]]...]]].,0.7333333333333333,-13,0.0
138,12520,12640,GGUACAACAUUUACUUAUGCAUCAGCAUUGUGGGAAAUCCAACAGGUUGUAGAUGCAGAUAGUAAAAUUGUUCAACUUAGUGAAAUUAGUAUGGACAAUUCACCUAAUUUAGCAUGGCCU,..((((((..[[[[[..[[[[[[....((((((.....)).))))))))))]]]]]]...]]]]]((((((((((((..........))).)))))))))....................,0.7666666666666667,-13,0.0
126,11200,11320,ACUGUAGCUUAUUUUAAUAUGGUCUAUAUGCCUGCUAGUUGGGUGAUGCGUAUUAUGACAUGGUUGGAUAUGGUUGAUACUAGUUUGUCUGGUUUUAAGCUAAAAGACUGUGUUAUGUAU,....(((((((..(((((...(((.((((((.((((.....))))..))))))[[[[[[[[[[[[.)))...))))).(((((.....)))))..)))))))...]]]]]]]]]]]]...,0.6833333333333333,-13,0.0
278,24440,24560,ACACGCUUGUUAAACAACUUAGCUCCAAUUUUGGUGCAAUUUCAAGUGUUUUAAAUGAUAUCCUUUCACGUCUUGACAAAGUUGAGGCUGAAGUGCAAAUUGAUAGGUUGAUCACAGGCA,..(((((((.(((.....)))[[[(((....)))[[[[[[[[)))))))...]]]].......(((((.(((((((.....))))))))))))]]]]...((((......))))..]]].,0.7916666666666666,-13,0.0
168,15000,15120,UAUGAGGAUCAAGAUGCACUUUUCGCAUAUACAAAACGUAAUGUCAUCCCUACUAUAACUCAAAUGAAUCUUAAGUAUGCCAUUAGUGCAAAGAAUAGAGCUCGCACCGUAGCUGGUGUC,....(((((.....[[[[[[....[[[[[(((.....)))...((((................)))))))))...]]]]]....]]]]]].............(((((......))))).,0.6083333333333333,-13,0.0
35,3560,3680,UGGGUGGUAGUUGUGUUUUAAGCGGACACAAUCUUGCUAAACACUGUCUUCAUGUUGUCGGCCCAAAUGUUAACAAAGGUGAAGACAUUCAACUUCUUAAGAGUGCUUAUGAAAAUUUUA,((((((((((((((((((.....)))))))))..))))).....[[[[[[[[[[[[[....)))).....]]]]]....]]]]]]]]((((((((.....)))).....)))).......,0.7166666666666667,-14,0.3333333333333333
43,4160,4280,UGGUUAUACCUACUAAAAAGGCUGGUGGCACUACUGAAAUGCUAGCGAAAGCUUUGAGAAAAGUGCCAACAGACAAUUAUAUAACCACUUACCCGGGUCAGGGUUUAAAUGGUUACACUG,(((((((((((.......)))(((.(((((((..[[....[[[[((....))[[[[[....))))))).))).......))))))))...((((......))))]]]]]]]]]..]]...,0.6833333333333333,-14,0.0
91,8720,8840,ACAUAGCAUCUACAGAUACUUGUUUUGCUAACAAACAUGCUGAUUUUGACACAUGGUUUAGCCAGCGUGGUGGUAGUUAUACUAAUGACAAAGCUUGCCCAUUGAUUGCUGCAGUCAUAA,...(((((...((((....))))..))))).....(((((((....[[[[..[[[[...[[[)))))))((((((....))))....))...]]]...]]]]((.......))]]]]...,0.6583333333333333,-14,0.2647058823529412
270,23920,24040,CAAAUUUACAAAACACCACCAAUUAAAGAUUUUGGUGGUUUUAAUUUUUCACAAAUAUUACCAGAUCCAUCAAAACCAAGCAAGAGGUCAUUUAUUGAAGAUCUACUUUUCAACAAAGUG,..............((((((((.........))))))))....................(((.[[[[..[[[[.........[[[)))..]]].]]]].]]]]((((((.....)))))),0.5583333333333333,-14,0.3902439024390244
93,8840,8960,CAAGAGAAGUGGGUUUUGUCGUGCCUGGUUUGCCUGGCACGAUAUUACGCACAACUAAUGGUGACUUUUUGCAUUUCUUACCUAGAGUUUUUAGUGCAGUUGGUAACAUCUGUUACACAC,...((((((((.((..(((((((((..........)))))))))..))[[[[.((.....))[[[[[[..[))))))))..].]]]]]]....]]]].....(((((....)))))....,0.675,-14,0.0
252,22400,22520,AUGAAAAUGGAACCAUUACAGAUGCUGUAGACUGUGCACUUGACCCUCUCUCAGAAACAAAGUGUACGUUGAAAUCCUUCACUGUAGAAAAAGGAAUCUAUCAAACUUCUAACUUUAGAG,...............((((((.((..[[....(((((((((..................)))))))))[[[[..[[[[[))))))))...]]]]].....]]]]]](((((....))))),0.7083333333333334,-14,0.0
27,2800,2920,GAUGAAAGGAUUGAUAAAGUACUUAAUGAGAAGUGCUCUGCCUAUACAGUUGAACUCGGUACAGAAGUAAAUGAGUUCGCCUGUGUUGUGGCAGAUGCUGUCAUAAAAACUUUGCAACCA,.((((..[[.[[[.[[[[[[((((......))))((((((((.((((((.((((((((.(((....)))..)))))))).))))))...)))))).))..))))....]]]]]]]]]]].,0.7583333333333333,-14,0.23684210526315788
249,22120,22240,AAAAAUCUUAGGGAAUUUGUGUUUAAGAAUAUUGAUGGUUAUUUUAAAAUAUAUUCUAAGCACACGCCUAUUAAUUUAGUGCGUGAUCUCCCUCAGGGUUUUUCGGCUUUAGAACCAUUG,((((((((((((((.....(((((.(((((((.[[[[[[...[[[[[[..))))))))))))((((((((......))).)))))...))))).)))))))))....]]]]]]]]]]]].,0.7666666666666667,-14,0.16129032258064516
134,12240,12360,CCGUGAUGCAGCCAUGCAACGUAAGUUGGAAAAGAUGGCUGAUCAAGCUAUGACCCAAAUGUAUAAACAGGCUAGAUCUGAGGACAAGAGGGCAAAAGUUACUAGUGCUAUGCAGACAAU,.((((.......))))((((....))))......((((((.....))))))(.(((...[[[[[....[[[[[[[.(((.......)))))))........]]]]].]]]]]]]......,0.65,-14,0.0
72,7120,7240,AUACCUUGUAGUGUUUGUCUUAGUGGUUUAGAUUCUUUAGACACCUAUCCUUCUUUAGAAACUAUACAAAUUACCAUUUCAUCUUUUAAAUGGGAUUUAACUGCUUUUGGCUUAGUUGCA,.....(((((..((((((((.[[[[[[[.[[[[[....))))..(((........)))))))..)))))....((((((........))))))]]]]]]]]]]]]....((......)).,0.6416666666666667,-14,0.5135135135135135
24,2520,2640,AACAGAGGAAGUUGUCUUGAAAACUGGUGAUUUACAACCAUUAGAACAACCUACUAGUGAAGCUGUUGAAGCUCCAUUGGUUGGUACACCAGUUUGUAUUAACGGGCUUAUGUUGCUCGA,..........(((((.[[[[[[[[[[[[[....)))))((((((.........)))))).((((.....))))(((.....)))..]]]]]]]]]...]]]](((((.......))))).,0.7,-14,0.0
60,5600,5720,UUAAGAAAGGUGUUCAGAUACCUUGUACGUGUGGUAAACAAGCUACAAAAUAUCUAGUACAACAGGAGUCACCUUUUGUUAUGAUGUCAGCACCACCUGCUCAGUAUGAACUUAAGCAUG,....((((((.[[[[[[[[[((((((((.((((((......)))))).........)))))..)))..[[[))))))....]]]]]]]((((.....)))).....]]]]].........,0.65,-14,0.0
316,28800,28920,CAGAGGCGGCAGUCAAGCCUCUUCUCGUUCCUCAUCACGUAGUCGCAACAGUUCAAGAAAUUCAACUCCAGGCAGCAGUAGGGGAACUUCUCCUGCUAGAAUGGCUGGCAAUGGCGGUGA,.((((((.........))))))((((((........)))...[[[[...((((.((....)).))))[[[..[[[[((((((((.....)))))))))))...]]]]....]]]..]]]],0.7333333333333333,-14,0.6060606060606061
18,1800,1920,AAAAGGAAAAGCUAAAAAAGGUGCCUGGAAUAUUGGUGAACAGAAAUCAAUACUGAGUCCUCUUUAUGCAUUUGCAUCAGAGGCUGCUCGUGUUGUACGAUCAAUUUUCUCCCGCACUCU,...((((....((.....))[[[[..[[[[(((((((........))))))).[[[.))))((((((((....)))).)))).....((((.....))))]]]...]]]]...]]]]...,0.7583333333333333,-14,0.0
163,14520,14640,UUACAUAGCUCUAGACUUAGUUUUAAGGAAUUACUUGUGUAUGCUGCUGACCCUGCUAUGCACGCUGCUUCUGGUAAUCUAUUACUAGAUAAACGCACUACGUGCUUUUCAGUAGCUGCA,....(((((.(((....)))...((((......))))[[[[.[[[[[[[[....)))))(((((.(((.((((((((....)))))))).....)))...)))))...]]]]]]]]]]]],0.7333333333333333,-14,0.5526315789473685
77,7440,7560,UGUAUGGAAAAGUUAUGUGCAUGUUGUAGACGGUUGUAAUUCAUCAACUUGUAUGAUGUGUUACAAACGUAAUAGAGCAACAAGAGUCGAAUGUACAACUAUUGUUAAUGGUGUUAGAAG,((((((.........))))))((((((.[[[[[[[[[[...(((((.......)))))((((((....))))))[[))))))....]].....]]]]]]]...]]]..............,0.7333333333333333,-14,0.0
76,7400,7520,CUAUGGUUAGAAUGUACAUCUUCUUUGCAUCAUUUUAUUAUGUAUGGAAAAGUUAUGUGCAUGUUGUAGACGGUUGUAAUUCAUCAACUUGUAUGAUGUGUUACAAACGUAAUAGAGCAA,((((((.....((((((((.((((.[[[.....[[[[[[[[[[..)))).....)))))))).))))))....(((((((.(((((.......))))).)))))))]]]]]]]]]]]]].,0.7166666666666667,-15,0.5294117647058824
64,5960,6080,AUUAUAAGAAAGACAAUUCUUAUUUCACAGAGCAACCAAUUGAUCUUGUACCAAACCAACCAUAUCCAAACGCAAGCUUCGAUAAUUUUAAGUUUGUAUGUGAUAAUAUCAAAUUUGCUG,...(((((((......))))))).((((..[[[[[....[[[[[..(((....................)))(((((((..........))))))).[[))))..]]]]]]]..]]]]].,0.675,-15,0.4166666666666667
221,20040,20160,GUUCUUAUUACAGAAGGUAGUGUUAAAGGUUUACAACCAUCUGUAGGUCCCAAACAAGCUAGUCUUAAUGGAGUCACAUUAAUUGGAGAAGCCGUAAAAACACAGUUCAAUUAUUAUAAG,.((((......))))(((.[[[[[...[[[[[[[[)))...]]]]..((((((((......)).((((((......)))))))))).))]]]].....]]]]].................,0.6583333333333333,-15,0.6666666666666666
305,27360,27480,GAAGAGCAACCAAUGGAGAUUGAUUAAACGAACAUGAAAAUUAUUCUUUUCUUGGCACUGAUAACACUCGCUACUUGUGAGCUUUAUCACUACCAAGAGUGUGUUAGAGGUACAACAGUA,.((((((..((((.(((((.((.((.....)))).(((.....))))))))))))[.[[[[[.[[[[[[))).)))((((......))))......]]]]]]]]]]].]...........,0.5166666666666667,-15,0.0
207,18200,18320,CAUCUCUAUGAUGGGUUUUAAAAUGAAUUAUCAAGUUAAUGGUUACCCUAACAUGUUUAUCACCCGCGAAGAAGCUAUAAGACAUGUACGUGCAUGGAUUGGCUUCGAUGUCGAGGGGUG,.(((.....)))(((((((.....)))..((((......))))[[[[[[....[[..[[[[)))).....(((((((.....(((((....)))))...)))))))]]]].]].]]]]]],0.8,-15,0.13333333333333333
110,10000,10120,UCUGAUGUUCUUUACCAACCACCACAAACCUCUAUCACCUCAGCUGUUUUGCAGAGUGGUUUUAGAAAAAUGGCAUUCCCAUCUGGUAAAGUUGAGGGUUGUAUGGUACAAGUAACUUGU,.........(((((((.[[[[..[[[[.[[[[.((((((((((.....))).)).)))))...(((....(((.....)))))))))))))..]]]].]]]].]]]]((((.....)))),0.6166666666666667,-15,1.0
113,10240,10360,AAUCAUAAUUUCUUGGUACAGGCUGGUAAUGUUCAACUCAGGGUUAUUGGACAUUCUAUGCAAAAUUGUGUACUUAAGCUUAAGGUUGAUACAGCCAAUCCUAAGACACCUAAGUAUAAG,...........((((((((.....{)))((((((((..........))))))))((..((((......))))[[[[.[[[[[.[[[.)).}.........)))))..]]]]]]]].]]]],0.7083333333333334,-15,0.0
245,21840,21960,UUCCACUGAGAAGUCUAACAUAAUAAGAGGCUGGAUUUUUGGUACUACUUUAGAUUCGAAGACCCAGUCCCUACUUAUUGUUAAUAACGCUACUAAUGUUGUUAUUAAAGUCUGUGAAUU,....(((....)))((((..[[[[[[[[[[[[[[....))))..((.....))(((((.((((]]]]..]]].]]]]]]](((((((((..........))))))))).)))).))))).,0.7416666666666667,-15,0.5348837209302325
144,13040,13160,AAGUGCCUGCCAAUUCAACUGUAUUAUCUUUCUGUGCUUUUGCUGUAGAUGCUGCUAAAGCUUACAAAGAUUAUCUAGCUAGUGGGGGACAACCAAUCACUAAUUGUGUUAAGAUGUUGU,.(((.............)))......((((..(((.[[[[[[[[[[[[[[(((.....)))..)))))))..]]]]]..]]]]]]]]](((((((((.....))))(.....)..))))),0.65,-15,0.0
212,18760,18880,UGAUUGAUGUUCAACAAUGGGGUUUUACAGGUAACCUACAAAGCAACCAUGAUCUGUAUUGUCAAGUCCAUGGUAAUGCACAUGUAGCUAGUUGUGAUGCAAUCAUGACUAGGUGUCUAG,...((((((................(((((((...[[[[[..[[[[[[[[[))))))).))))))...]]]]]]..]]]...]]]]]((((((((((.....))))))))))........,0.7333333333333333,-16,0.0
143,13000,13120,UUAGCUGCCACAGUACGUCUACAAGCUGGUAAUGCAACAGAAGUGCCUGCCAAUUCAACUGUAUUAUCUUUCUGUGCUUUUGCUGUAGAUGCUGCUAAAGCUUACAAAGAUUAUCUAGCU,...(((.....)))..(((((((.[[[[[[[[[(((.((((((.........................)))))))))[[[[[.)))))))(((.....)))...]]]]]]]]]]].]]].,0.6333333333333333,-16,0.46511627906976744
292,25880,26000,AACUUCUUCAAUUGUCAUUACUUCAGGUGAUGGCACAACAAGUCCUAUUUCUGAACAUGACUACCAGAUUGGUGGUUAUACUGAAAAAUGGGAAUCUGGAGUAAAAGACUGUGUUGUAUU,......((((..(((((((((.....)))))))))[[[[[[[[[[[[[[[.))))((((((((((.....))))))))...))..]]]]]]]].(((........)))]].]]]]]....,0.75,-16,0.9090909090909091
172,15200,15320,AGUAAUUGGAACAAGCAAAUUCUAUGGUGGUUGGCACAACAUGUUAAAAACUGUUUAUAGUGAUGUAGAAAACCCUCACCUUAUGGGUUGGGAUUAUCCUAAAUGUGAUAGAGCCAUGCC,......(((((........))))).((((..[[[[...[[[[((.....))..((((((....)))))).[[[[[.))))....]]]]](((.....)))..]]]]......]]]]....,0.6833333333333333,-16,0.0
55,5120,5240,AUGUUUUACCUAAUGAUGACACUCUACGUGUUGAGGCUUUUGAGUACUACCACACAACUGAUCCUAGUUUUCUGGGUAGGUACAUGUCAGCAUUAAAUCACACUAAAAAGUGGAAAUACC,......((((((.[[[.(((((.....)))))......[[[[[((......))....[[[[[(((((....)))))))))))...]]]]]..]]]]]]]]((((....))))........,0.6333333333333333,-16,0.425
231,20840,20960,ACCCUAUAAUAUGAGAGUUAUACAUUUUGGUGCUGGUUCUGAUAAAGGAGUUGCACCAGGUACAGCUGUUUUAAGACAGUGGUUGCCUACGGGUACGCUGCUUGUCGAUUCAGAUCUUAA,....((((((......))))))...((((((((....[[[[[[[[[[.[[[[))))))))...]]]].]]]]].(((((((((((((....)))).))))).))))...]]]]]......,0.7,-16,0.0
319,28920,29040,UGCUGCUCUUGCUUUGCUGCUGCUUGACAGAUUGAACCAGCUUGAGAGCAAAAUGUCUGGUAAAGGCCAACAACAACAAGGCCAAACUGUCACUAAGAAAUCUGCUGCUGAGGCUUCUAA,...((((((((....((....)).[[[[[[.[[..[[[[[[.))))))))....].]]]]]...((((...........))))]].]]]]]]...((((....(((.....)))))))..,0.6916666666666667,-17,0.0
313,28640,28760,AUGGUGCUAACAAAGACGGCAUCAUAUGGGUUGCAACUGAGGGAGCCUUGAAUACACCAAAAGAUCACAUUGGCACCCGCAAUCCUGCUAACAAUGCUGCAAUCGUGCUACAACUUCCUC,((((((((.........))))))))..((((.((....[[[[[[[..(((.......))).[[....[[[[[))))))(((....)))...]]]]]]](((....))).....]]]]]]],0.75,-17,0.0
193,16840,16960,AAGGUGACUAUGGUGAUGCUGUUGUUUACCGAGGUACAACAACUUACAAAUUAAAUGUUGGUGAUUAUUUUGUGCUGACAUCACAUACAGUAAUGCCAUUAAGUGCACCUACACUAGUGC,.((....))...((((((.((((((..........))))))[[[[(((.......)))[[[[[.........[[[[[.))))))...]]]]].]]]]]..]]]]((((........)))),0.6833333333333333,-17,0.0
283,24920,25040,CAUUUGUGUCUGGUAACUGUGAUGUUGUAAUAGGAAUUGUCAACAACACAGUUUAUGAUCCUUUGCAACCUGAAUUAGACUCAUUCAAGGAGGAGUUAGAUAAAUAUUUUAAGAAUCAUA,.......((((((.(((((((.(((((((((....)))).))))).)))))))[[[[[[[[[[[......[[[[))))))...]]]].]]]]]].(((((.......)))))...]]]]],0.7666666666666667,-17,0.0
234,21040,21160,UUAGUGAUAUGUACGACCCUAAGACUAAAAAUGUUACAAAAGAAAAUGACUCUAAAGAGGGUUUUUUCACUUACAUUUGUGGGUUUAUACAACAAAAGCUAGCUCUUGGAGGUUCCGUGG,...(((((((.[[[[[[[[[[[[[[[[...)))))))....(((((.((((((....)))))))))))((((((....))))))...............]]].]]]]]].]]]..]]]].,0.6416666666666667,-17,0.0
224,20440,20560,CAGUUAAAAACUAUUUCAUAACAGAUGCGCAAACAGGUUCAUCUAAGUGUGUGUGUUCUGUUAUUGAUUUAUUACUUGAUGAUUUUGUUGAAAUAAUAAAAUCCCAAGAUUUAUCUGUAG,.(((.....)))...((((((((((((((((.[[[[[[..[[[[[[[[[)))))).))))))).))).....]]]]]...(((((((((.....)))))))))...]]]]..]]]]]]..,0.375,-17,0.0
124,10960,11080,GUUACUUUCCAAAGUGCAGUGAAAAGAACAAUCAAGGGUACACACCACUGGUUGUUACUCACAAUUUUGACUUCACUUUUAGUUUUAGUCCAGAGUACUCAAUGGUCUUUGUUCUUUUUU,.............((((.[[[[....[[[[[[[[.[[))))...]]..]]]]]]]]..]]]]......((((..............))))(((((.(((....)))))))).........,0.675,-17,0.0
123,10880,11000,UGAAUGGACGUACCAUAUUGGGUAGUGCUUUAUUAGAAGAUGAAUUUACACCUUUUGAUGUUGUUAGACAAUGCUCAGGUGUUACUUUCCAAAGUGCAGUGAAAAGAACAAUCAAGGGUA,..........((((......))))(((((((.(((((((............)))))))((((....)))).[[[[[.[[[[[[..[[[[.)))))))...]]]]..]]].]]]..]]]]],0.7333333333333333,-18,0.3333333333333333
44,4240,4360,AUAACCACUUACCCGGGUCAGGGUUUAAAUGGUUACACUGUAGAGGAGGCAAAGACAGUGCUUAAAAAGUGUAAAAGUGCCUUUUACAUUCUACCAUCUAUUAUCUCUAAUGAGAAGCAA,.((((((.((((((......))))...))))))))(((.[[[[[[[(((((.......)))))....[[[[[[[[[)))..]]]]]]]]]...]].]]]]]..((((....)))).....,0.6833333333333333,-18,0.6451612903225806
208,18240,18360,GGUUACCCUAACAUGUUUAUCACCCGCGAAGAAGCUAUAAGACAUGUACGUGCAUGGAUUGGCUUCGAUGUCGAGGGGUGUCAUGCUACUAGAGAAGCUGUUGGUACCAAUUUACCUUUA,..........((((((((..[[[[[.[[[.[[[[[[[..))))))))..((((((((..]]]]]]]....]]]..]]]]])))))).))(((.....)))..((((......))))....,0.7833333333333333,-18,0.0
39,3920,4040,AACCUUCAGUUGAACAGAGAAAACAAGAUGAUAAGAAAAUCAAAGCUUGUGUUGAAGAAGUUACAACAACUCUGGAAGAAACUAAGUUCCUCACAGAAAACUUGUUACUUUAUAUUGACA,....(((....)))(((((...(((((.((((......))))...)))))[[[[[.[[[[[...[[[[[)))))...(((......)))(.....).....]]]]]]]]]]...]]]]].,0.7583333333333333,-18,0.6363636363636364
98,9080,9200,UAGAAGGUUCUGUUGCUUAUGAAAGUUUACGCCCUGACACACGUUAUGUGCUCAUGGAUGGCUCUAUUAUUCAAUUUCCUAACACCUACCUUGAAGGUUCUGUUAGAGUGGUAACAACUU,...(((((..[[[[[[[...((((((....))..(((((((.....)))).)))(((((((.....))))))).))))[[[[[[[[[)))))..]]]...]]]]]]...]]]]]]]....,0.7083333333333334,-18,0.0
327,29720,29840,CCACAUUUUCACCGAGGCCACGCGGAGUACGAUCGAGUGUACAGUGAACAAUGCUAGGGAGAGCUGCCUAUAUGGAAGAGCCCUAAUGUGUAAAAUUAAUUUUAGUAGUGCUAUCCCCAU,...(((((((((((........))..(((((......))))).))))).))))((.[[[[..[[[[[.[[[[[[[.))...]]..]]]]](((((....)))))]]]]]....]]]]...,0.6166666666666667,-19,0.0
243,21680,21800,ACAAAGUUUUCAGAUCCUCAGUUUUACAUUCAACUCAGGACUUGUUCUUACCUUUCUUUUCCAAUGUUACUUGGUUCCAUGCUAUACAUGUCUCUGGGACCAAUGGUACUAAGAGGUUUG,....((((..[[[[.[[[[.[[...[[[[[.))))..(((...................)))]]]]].(((((((((((...............))))))))..)))]]...]]]]]]]],0.6166666666666667,-19,0.5
161,14360,14480,UCUGCAUUGUGCAAACUUUAAUGUUUUAUUCUCUACAGUGUUCCCACCUACAAGUUUUGGACCACUAGUGAGAAAAAUAUUUGUUGAUGGUGUUCCAUUUGUAGUUUCAACUGGAUACCA,..(((.....)))(((...((((((((..((((.((.(((....)))[[[[[[[...[[[[.[[[[[)))))))))))))).)))..]]]]].]]]]]]]]]]]..((.....)).....,0.6083333333333333,-19,0.3684210526315789
150,13480,13600,UAAGUGCAGCCCGUCUUACACCGUGCGGCACAGGCACUAGUACUGAUGUCGUAUACAGGGCUUUUGACAUCUACAAUGAUAAAGUAGCUGGUUUUGCUAAAUUCCUAAAAACUAAUUGUU,..(((((.[[[[[[........[[[[[[[[[[[)))))....]]].]]]]]]]]]].]]]].........((((.........)))).(((((((............)))))))......,0.725,-19,0.0
229,20720,20840,AUUAGAAAAGUGUGACCUUCAAAAUUAUGGUGAUAGUGCAACAUUACCUAAAGGCAUAAUGAUGAAUGUCGCAAAAUAUACUCAACUGUGUCAAUAUUUAAACACAUUAACAUUAGCUGU,.((((.....[[[[[[.[[[[..[[[[[[(((((........)))))))))...]]]]]]..]]]].]]]]]].............(((((..........)))))...(((.....))),0.6583333333333333,-19,0.0
10,1200,1320,CAACCAAAUGUGCCUUUCAACUCUCAUGAAGUGUGAUCAUUGUGGUGAAACUUCAUGGCAGACGGGCGAUUUUGUUAAAGCCACUUGCGAAUUUUGUGGCACUGAGAAUUUGACUAAAGA,((......))(((((.[[[[.[[[[[((((((....((((....)))).))))))[[[[[[[.)))))..]]]]]]]..(((((...........)))))..]]]]]..]]]].......,0.6583333333333333,-19,0.6052631578947368
177,15880,16000,CUCAACAUACAAUGCUAGUUAAACAGGGUGAUGAUUAUGUGUACCUUCCUUACCCAGAUCCAUCAAGAAUCCUAGGGGCCGGCUGUUUUGUAGAUGAUAUCGUAAAAACAGAUGGUACAC,.....((.....))((.........)).(((((.....[[[[[[[..[[...[[[[[[[.)))))...]].]].]]]...]](((((((...............)))))))..]]]]]]],0.7833333333333333,-19,0.43243243243243246
239,21400,21520,GUAAAUUUCCCCUUAAAUUAAGGGGUACUGCUGUUAUGUCUUUAAAAGAAGGUCAAAUCAAUGAUAUGAUUUUAUCUCUUCUUAGUAAAGGUAGACUUAUAAUUAGAGAAAACAACAGAG,........((((((.....))))))((((.[[[[[...[[[[[[[(((((((..((((((......))))))....))))))).[[[[.))))...]]]]..]]]]]]]....]]]]]..,0.7333333333333333,-19,0.0
129,11440,11560,GCUUUAGAUCAAGCCAUUUCCAUGUGGGCUCUUAUAAUCUCUGUUACUUCUAACUACUCAGGUGUAGUUACAACUGUCAUGUUUUUGGCCAGAGGUAUUGUUUUUAUGUGUGUUGAGUAU,.(((......)))((((......)))).........(((((((.[[[[..(((((((......)))))))[[[[...[[[[[....[[[)))))))...]]]...]]]]].]]]]]]]].,0.725,-20,0.7352941176470589
29,2960,3080,AGUGGAGUAUGGCUACAUACUACUUAUUUGAUGAGUCUGGUGAGUUUAAAUUGGCUUCACAUAUGUAUUGUUCUUUCUACCCUCCAGAUGAGGAUGAAGAAGAAGGUGAUUGUGAAGAAG,.((((.(((((....))))).(((((.....)))))(((((........)))))[[[[[[[....[[[[.[[[[[[))))((((.....))))..]]]]]]...]]]]..]]]]]]]...,0.7833333333333333,-20,0.0
273,24080,24200,GCCUUGGUGAUAUUGCUGCUAGAGACCUCAUUUGUGCACAAAAGUUUAACGGCCUUACUGUUUUGCCACCUUUGCUCACAGAUGAAAUGAUUGCUCAAUACACUUCUGCACUGUUAGCGG,.....((((...((([[[[[[.[[...[[[[[[[[[..)))..((..(((((.....)))))..))))))......]]]]]]]]]......(((.............)))]]..]]]]]],0.6833333333333333,-20,0.0
265,23200,23320,ACAGGCACAGGUGUUCUUACUGAGUCUAACAAAAAGUUUCUGCCUUUCCAACAAUUUGGCAGAGACAUUGCUGACACUACUGAUGCUGUCCGUGAUCCACAGACACUUGAGAUUCUUGAC,...((((((((((....))).[[[[[[..[[[...(((((((((.............)))))))))..[[[[[.[[[..))).))))....]]].....]]].]].]]]]]]]]].....,0.7416666666666667,-21,0.0
201,17560,17680,GGCGUUGUCCUGCUGAAAUUGUUGACACUGUGAGUGCUUUGGUUUAUGAUAAUAAGCUUAAAGCACAUAAAGACAAAUCAGCUCAAUGCUUUAAAAUGUUUUAUAAGGGUGUUAUCACGC,(((((((....(((((...[[[[[[[[[[.[[.((((((((((((((....)))))).))))))))...[[[[[[..))))).)))))))......]]]]]].]]..]]]]]]]..]]].,0.7583333333333333,-21,0.7857142857142857
112,10200,10320,GCUUAACCCUAAUUAUGAAGAUUUACUCAUUCGUAAGUCUAAUCAUAAUUUCUUGGUACAGGCUGGUAAUGUUCAACUCAGGGUUAUUGGACAUUCUAUGCAAAAUUGUGUACUUAAGCU,...(((((((((((((((((((((((......))))))))..))))))))....[[[[[[.[[[[[.[[[[[[[[[...)))))))]]]]]]]]]]]].]].......]]]]]]......,0.8666666666666667,-23,0.3888888888888889
271,23960,24080,UUAAUUUUUCACAAAUAUUACCAGAUCCAUCAAAACCAAGCAAGAGGUCAUUUAUUGAAGAUCUACUUUUCAACAAAGUGACACUUGCAGAUGCUGGCUUCAUCAAACAAUAUGGUGAUU,...............((...[[[[...[[[[........[[[[[..[[[[[[))(((((((.....)))))))...]]]]]].]]]]].]]]]]]]]..((((((.......))))))..,0.8083333333333333,-23,0.0
4,440,560,GCGUUUUGCCUCAACUUGAACAGCCCUAUGUGUUCAUCAAACGUUCGGAUGCUCGAACUGCACCUCAUGGUCAUGUUAUGGUUGAGCUGGUAGCAGAACUCGAAGGCAUUCAGUACGGUC,((.....))((((((.((((((........)))))).....[[[..[[[[[[[[[[.[[[[[[[.(((((.....)))))))))))..]]].]]]]...]]]]..]]]]]]...]]]...,0.7166666666666667,-23,0.2
92,8800,8920,ACUAAUGACAAAGCUUGCCCAUUGAUUGCUGCAGUCAUAACAAGAGAAGUGGGUUUUGUCGUGCCUGGUUUGCCUGGCACGAUAUUACGCACAACUAAUGGUGACUUUUUGCAUUUCUUA,....((((([[[[.[[[[[.[[[[.[[[.[[[.))))).....((((((((.((..(((((((((..........)))))))))..))]]]]]].]]]]]]]]]]]]]...)))))))).,0.6833333333333333,-24,0.0
30,3000,3120,UGAGUUUAAAUUGGCUUCACAUAUGUAUUGUUCUUUCUACCCUCCAGAUGAGGAUGAAGAAGAAGGUGAUUGUGAAGAAGAAGAGUUUGAGCCAUCAACUCAAUAUGAGUAUGGUACUGA,...........((.[[[[[[[....[[[[.[[[[[[....[[[[))...]]]]..]]]]]]...]]]]..]]]]]]](((.....)))..(((((..((((.....))))))))).....,0.75,-25,0.0
49,4480,4600,UAUAAGGGUAUUAAAAUACAAGAGGGUGUGGUUGAUUAUGGUGCUAGAUUUUACUUUUACACCAGUAAAACAACUGUAGCGUCACUUAUCAACACACUUAACGAUCUAAAUGAAACUCUU,..((((((((...((((..[[[[[[[[[[[.[[[[[..[[[[[[[[.))))))))))))...((((......))))]]]]]]]]...]]]]]]]]]]]......((.....))..]]]]],0.7916666666666666,-27,0.0
230,20760,20880,ACAUUACCUAAAGGCAUAAUGAUGAAUGUCGCAAAAUAUACUCAACUGUGUCAAUAUUUAAACACAUUAACAUUAGCUGUACCCUAUAAUAUGAGAGUUAUACAUUUUGGUGCUGGUUCU,(((..[[[....[[[[[..((((....))))[[[[[[..[[[[...(((((..........)))))....[[[[[[.)))...]]]....]]].]]]].....]]]]]]]]]]]]]]...,0.6916666666666667,-29,0.0
